	SRR21280500	SRR21280501	SRR21280504	SRR21280506	SRR21280507	SRR21280508	SRR21280509	SRR21280510	SRR21280511	SRR21280512	SRR21280513	SRR21280515	SRR21280516	SRR21280517	SRR21280518	SRR21280588	SRR21280622	SRR21280623	SRR21280624	SRR21280625	SRR21280626	SRR21280627	SRR21280628	SRR21280630	SRR21280631	SRR21280632	SRR21280633	SRR21280634	SRR21280635	SRR21280636	SRR21280637	SRR21280645	SRR21280646	SRR21280647	SRR21280648	SRR21280649	SRR21280650	SRR21280651	SRR21280652	SRR21280653	SRR21280654	SRR21280656	SRR21280658	SRR21280659	SRR21280660	SRR21280661	SRR21280774	SRR21280775	SRR21280819	SRR21280873	SRR21280874	SRR21280875	SRR21280876	SRR21280912	SRR21280913	SRR21280916	SRR21280917	SRR21280919	SRR21280920	SRR21280921	SRR21280922	SRR21280923	SRR21280924	SRR21280926	SRR21280927	SRR21281059	SRR21281081	SRR21281124	SRR21281125	SRR21281126	SRR21281127	SRR21281128	SRR21281129	SRR21281130	SRR21281131	SRR21281132	SRR21281133	SRR21281252	SRR21281264
SRR21280500	0.0	0.974	0.764	0.762	0.86	0.87	0.61	0.94	0.624	0.89	0.776	0.918	0.964	0.78	0.804	0.904	0.744	0.848	0.936	0.932	0.78	0.95	0.78	0.85	0.694	0.832	0.764	0.92	0.678	0.866	0.838	0.878	0.97	0.93	0.886	0.972	0.938	0.866	0.86	0.884	1.0	0.858	0.822	0.87	0.886	0.87	0.866	0.908	0.888	0.818	0.894	0.88	0.882	0.882	0.84	0.878	0.846	0.894	0.888	0.822	0.81	0.874	0.76	0.95	0.856	0.92	0.928	0.898	0.82	0.948	0.928	0.906	0.86	0.77	0.842	0.85	0.874	0.91	0.914
SRR21280501	0.974	0.0	0.952	0.946	0.958	0.958	0.982	0.984	0.956	0.442	0.956	0.972	0.99	0.916	0.954	0.89	0.954	0.398	0.352	0.128	0.61	0.334	0.818	0.534	0.934	0.6	0.604	0.256	0.824	0.504	0.654	0.942	0.918	0.208	0.934	0.072	0.158	0.988	0.68	0.408	0.994	0.968	0.542	0.954	0.68	0.932	0.8	0.208	0.844	0.62	0.508	0.974	0.834	0.438	0.89	0.564	0.884	0.436	0.524	0.988	0.902	0.826	0.902	0.284	0.884	0.552	0.32	0.508	0.68	0.094	0.154	0.312	0.658	0.838	0.82	0.856	0.686	0.852	0.94
SRR21280504	0.764	0.952	0.0	0.594	0.784	0.628	0.816	0.896	0.622	0.838	0.788	0.844	0.99	0.562	0.818	0.862	0.676	0.798	0.872	0.922	0.808	0.872	0.794	0.834	0.886	0.798	0.78	0.858	0.776	0.818	0.798	0.798	0.972	0.92	0.864	0.982	0.912	0.824	0.88	0.86	0.992	0.798	0.832	0.808	0.798	0.814	0.806	0.858	0.86	0.732	0.82	0.826	0.764	0.82	0.792	0.774	0.772	0.852	0.816	0.8	0.776	0.85	0.67	0.864	0.812	0.914	0.848	0.85	0.756	0.92	0.898	0.822	0.786	0.696	0.776	0.802	0.816	0.848	0.848
SRR21280506	0.762	0.946	0.594	0.0	0.644	0.742	0.748	0.77	0.63	0.804	0.75	0.716	0.976	0.592	0.712	0.852	0.608	0.718	0.862	0.912	0.762	0.842	0.698	0.786	0.878	0.786	0.716	0.848	0.722	0.74	0.786	0.796	0.968	0.916	0.852	0.98	0.91	0.806	0.848	0.852	0.99	0.798	0.848	0.798	0.806	0.79	0.786	0.862	0.808	0.646	0.762	0.79	0.738	0.786	0.76	0.746	0.71	0.826	0.752	0.758	0.734	0.77	0.638	0.816	0.75	0.904	0.818	0.806	0.714	0.916	0.9	0.798	0.694	0.628	0.748	0.748	0.764	0.834	0.858
SRR21280507	0.86	0.958	0.784	0.644	0.0	0.762	0.83	0.566	0.618	0.81	0.862	0.508	0.976	0.768	0.548	0.918	0.724	0.878	0.956	0.94	0.824	0.922	0.784	0.83	0.95	0.828	0.758	0.888	0.726	0.728	0.782	0.924	0.974	0.958	0.93	0.99	0.938	0.96	0.968	0.958	0.998	0.946	0.898	0.948	0.938	0.92	0.89	0.884	0.954	0.782	0.924	0.93	0.866	0.93	0.918	0.88	0.85	0.938	0.898	0.924	0.91	0.906	0.76	0.928	0.89	0.956	0.942	0.946	0.906	0.952	0.916	0.902	0.82	0.792	0.916	0.904	0.916	0.912	0.938
SRR21280508	0.87	0.958	0.628	0.742	0.762	0.0	0.94	0.92	0.728	0.902	0.91	0.876	0.99	0.668	0.884	0.876	0.66	0.77	0.878	0.932	0.856	0.856	0.836	0.888	0.948	0.888	0.826	0.892	0.83	0.898	0.868	0.724	0.976	0.944	0.928	0.986	0.93	0.756	0.86	0.89	0.994	0.764	0.896	0.762	0.794	0.764	0.748	0.884	0.824	0.7	0.73	0.718	0.692	0.738	0.702	0.7	0.682	0.856	0.728	0.732	0.71	0.768	0.644	0.79	0.724	0.936	0.786	0.75	0.694	0.926	0.926	0.82	0.782	0.656	0.702	0.696	0.702	0.752	0.866
SRR21280509	0.61	0.982	0.816	0.748	0.83	0.94	0.0	0.876	0.556	0.956	0.66	0.778	0.996	0.882	0.804	0.986	0.684	0.92	0.966	0.946	0.816	0.988	0.838	0.842	0.46	0.704	0.794	0.894	0.628	0.822	0.864	0.972	0.998	0.984	0.958	0.998	0.964	0.926	0.986	0.96	1.0	0.942	0.894	0.916	0.954	0.934	0.942	0.936	0.978	0.876	0.932	0.946	0.926	0.95	0.922	0.93	0.924	0.964	0.972	0.876	0.866	0.922	0.8	0.988	0.922	0.978	0.986	0.97	0.854	0.984	0.938	0.95	0.918	0.806	0.9	0.908	0.954	0.978	0.972
SRR21280510	0.94	0.984	0.896	0.77	0.566	0.92	0.876	0.0	0.758	0.964	0.922	0.204	0.996	0.882	0.474	0.952	0.89	0.93	0.98	0.982	0.828	0.946	0.89	0.896	0.97	0.954	0.864	0.948	0.794	0.706	0.8	0.956	0.992	0.982	0.96	0.996	0.972	0.984	0.988	0.984	1.0	0.984	0.978	0.984	0.982	0.96	0.944	0.924	0.982	0.856	0.952	0.964	0.912	0.954	0.956	0.92	0.872	0.966	0.94	0.946	0.94	0.922	0.782	0.948	0.916	0.988	0.972	0.966	0.948	0.972	0.952	0.94	0.84	0.846	0.952	0.966	0.954	0.988	0.958
SRR21280511	0.624	0.956	0.622	0.63	0.618	0.728	0.556	0.758	0.0	0.904	0.68	0.684	0.986	0.612	0.658	0.924	0.646	0.862	0.932	0.932	0.746	0.922	0.76	0.778	0.712	0.776	0.688	0.846	0.514	0.752	0.792	0.906	0.984	0.942	0.904	0.988	0.93	0.902	0.96	0.924	0.994	0.904	0.844	0.898	0.922	0.904	0.892	0.874	0.926	0.77	0.866	0.888	0.852	0.896	0.86	0.852	0.812	0.928	0.894	0.856	0.836	0.876	0.662	0.918	0.86	0.942	0.928	0.922	0.8	0.944	0.914	0.902	0.824	0.69	0.85	0.876	0.868	0.948	0.914
SRR21280512	0.89	0.442	0.838	0.804	0.81	0.902	0.956	0.964	0.904	0.0	0.926	0.944	0.932	0.828	0.89	0.816	0.852	0.382	0.42	0.422	0.606	0.422	0.722	0.506	0.946	0.528	0.528	0.412	0.772	0.48	0.6	0.894	0.866	0.41	0.898	0.438	0.4	0.966	0.612	0.424	0.986	0.906	0.488	0.934	0.646	0.88	0.766	0.412	0.762	0.562	0.476	0.958	0.796	0.43	0.866	0.53	0.846	0.44	0.48	0.952	0.882	0.802	0.858	0.432	0.838	0.49	0.394	0.494	0.656	0.422	0.408	0.4	0.62	0.79	0.79	0.822	0.652	0.828	0.9
SRR21280513	0.776	0.956	0.788	0.75	0.862	0.91	0.66	0.922	0.68	0.926	0.0	0.832	0.986	0.814	0.848	0.966	0.706	0.912	0.952	0.936	0.846	0.966	0.856	0.824	0.706	0.722	0.818	0.864	0.766	0.86	0.896	0.95	0.982	0.962	0.936	0.982	0.942	0.944	0.966	0.94	0.996	0.93	0.876	0.93	0.948	0.94	0.938	0.926	0.962	0.904	0.936	0.948	0.934	0.944	0.914	0.914	0.926	0.952	0.95	0.916	0.89	0.898	0.802	0.966	0.95	0.958	0.966	0.956	0.88	0.962	0.94	0.948	0.932	0.834	0.912	0.922	0.942	0.962	0.96
SRR21280515	0.918	0.972	0.844	0.716	0.508	0.876	0.778	0.204	0.684	0.944	0.832	0.0	0.99	0.836	0.488	0.928	0.778	0.904	0.954	0.956	0.8	0.922	0.862	0.82	0.878	0.856	0.798	0.894	0.746	0.716	0.78	0.928	0.986	0.956	0.93	0.99	0.938	0.954	0.964	0.954	0.994	0.948	0.93	0.948	0.948	0.928	0.908	0.888	0.954	0.818	0.916	0.932	0.87	0.92	0.92	0.876	0.846	0.936	0.914	0.916	0.902	0.888	0.76	0.924	0.88	0.964	0.946	0.942	0.91	0.948	0.93	0.906	0.816	0.796	0.914	0.928	0.912	0.956	0.936
SRR21280516	0.964	0.99	0.99	0.976	0.976	0.99	0.996	0.996	0.986	0.932	0.986	0.99	0.0	0.962	0.924	0.632	0.998	0.992	0.992	0.992	0.992	0.992	0.992	0.992	0.992	0.992	0.99	0.992	0.99	0.99	0.992	0.934	0.754	0.978	0.958	0.946	0.964	1.0	0.816	0.99	0.998	0.912	0.942	0.992	0.972	0.954	0.99	0.99	0.788	0.99	0.992	0.996	0.99	0.99	0.992	0.99	0.99	0.99	0.982	0.998	0.99	0.992	0.99	0.992	0.99	0.744	0.936	0.992	0.99	0.992	0.99	0.99	0.99	0.99	0.99	0.992	0.992	0.988	0.976
SRR21280517	0.78	0.916	0.562	0.592	0.768	0.668	0.882	0.882	0.612	0.828	0.814	0.836	0.962	0.0	0.794	0.794	0.612	0.734	0.784	0.884	0.764	0.776	0.732	0.796	0.882	0.794	0.748	0.812	0.732	0.798	0.792	0.704	0.914	0.818	0.766	0.942	0.852	0.75	0.748	0.75	0.988	0.72	0.728	0.726	0.692	0.684	0.648	0.826	0.704	0.604	0.69	0.708	0.65	0.694	0.662	0.65	0.636	0.712	0.64	0.698	0.652	0.742	0.58	0.73	0.65	0.842	0.75	0.71	0.646	0.882	0.872	0.708	0.654	0.578	0.646	0.67	0.7	0.744	0.788
SRR21280518	0.804	0.954	0.818	0.712	0.548	0.884	0.804	0.474	0.658	0.89	0.848	0.488	0.924	0.794	0.0	0.85	0.814	0.876	0.932	0.936	0.714	0.898	0.766	0.812	0.898	0.896	0.774	0.924	0.712	0.638	0.726	0.892	0.926	0.946	0.908	0.942	0.926	0.934	0.886	0.926	0.994	0.9	0.876	0.928	0.916	0.892	0.892	0.88	0.878	0.794	0.874	0.914	0.852	0.888	0.876	0.868	0.826	0.914	0.89	0.894	0.862	0.882	0.684	0.9	0.844	0.9	0.9	0.918	0.872	0.926	0.922	0.886	0.792	0.752	0.88	0.894	0.878	0.936	0.902
SRR21280588	0.904	0.89	0.862	0.852	0.918	0.876	0.986	0.952	0.924	0.816	0.966	0.928	0.632	0.794	0.85	0.0	0.848	0.806	0.83	0.886	0.834	0.822	0.834	0.828	0.934	0.872	0.814	0.86	0.844	0.862	0.822	0.802	0.674	0.818	0.858	0.858	0.844	0.898	0.658	0.804	0.994	0.82	0.802	0.872	0.778	0.812	0.794	0.836	0.6	0.776	0.8	0.868	0.786	0.788	0.78	0.784	0.78	0.798	0.77	0.896	0.81	0.806	0.82	0.818	0.79	0.652	0.754	0.786	0.784	0.844	0.876	0.804	0.774	0.792	0.78	0.782	0.79	0.794	0.822
SRR21280622	0.744	0.954	0.676	0.608	0.724	0.66	0.684	0.89	0.646	0.852	0.706	0.778	0.998	0.612	0.814	0.848	0.0	0.662	0.81	0.9	0.682	0.822	0.586	0.646	0.66	0.588	0.568	0.8	0.59	0.796	0.714	0.704	0.974	0.876	0.854	0.978	0.904	0.704	0.828	0.804	0.986	0.716	0.758	0.69	0.754	0.728	0.746	0.864	0.746	0.642	0.704	0.692	0.712	0.728	0.66	0.694	0.642	0.78	0.682	0.678	0.65	0.754	0.516	0.76	0.7	0.868	0.78	0.716	0.596	0.916	0.928	0.8	0.714	0.58	0.634	0.634	0.674	0.762	0.82
SRR21280623	0.848	0.398	0.798	0.718	0.878	0.77	0.92	0.93	0.862	0.382	0.912	0.904	0.992	0.734	0.876	0.806	0.662	0.0	0.278	0.35	0.448	0.256	0.596	0.422	0.868	0.516	0.418	0.336	0.67	0.432	0.53	0.748	0.91	0.346	0.878	0.402	0.354	0.77	0.554	0.308	0.994	0.772	0.462	0.754	0.542	0.74	0.628	0.324	0.692	0.424	0.29	0.774	0.64	0.262	0.682	0.37	0.644	0.302	0.336	0.756	0.682	0.622	0.618	0.246	0.668	0.49	0.238	0.324	0.418	0.338	0.366	0.256	0.478	0.572	0.586	0.638	0.452	0.676	0.838
SRR21280624	0.936	0.352	0.872	0.862	0.956	0.878	0.966	0.98	0.932	0.42	0.952	0.954	0.992	0.784	0.932	0.83	0.81	0.278	0.0	0.336	0.538	0.212	0.758	0.49	0.926	0.588	0.534	0.302	0.762	0.5	0.63	0.732	0.91	0.248	0.82	0.352	0.312	0.774	0.546	0.23	0.95	0.77	0.388	0.738	0.476	0.726	0.616	0.312	0.63	0.454	0.35	0.81	0.682	0.292	0.716	0.394	0.716	0.224	0.356	0.806	0.724	0.616	0.77	0.206	0.692	0.496	0.26	0.31	0.53	0.3	0.34	0.226	0.514	0.684	0.626	0.662	0.54	0.73	0.854
SRR21280625	0.932	0.128	0.922	0.912	0.94	0.932	0.946	0.982	0.932	0.422	0.936	0.956	0.992	0.884	0.936	0.886	0.9	0.35	0.336	0.0	0.55	0.322	0.75	0.476	0.896	0.538	0.522	0.218	0.766	0.448	0.584	0.924	0.918	0.198	0.928	0.144	0.138	0.956	0.672	0.384	0.994	0.938	0.504	0.926	0.66	0.924	0.79	0.144	0.834	0.576	0.476	0.946	0.802	0.42	0.854	0.544	0.86	0.424	0.504	0.952	0.856	0.818	0.848	0.28	0.854	0.548	0.312	0.494	0.604	0.138	0.124	0.304	0.65	0.79	0.756	0.808	0.654	0.85	0.918
SRR21280626	0.78	0.61	0.808	0.762	0.824	0.856	0.816	0.828	0.746	0.606	0.846	0.8	0.992	0.764	0.714	0.834	0.682	0.448	0.538	0.55	0.0	0.516	0.458	0.404	0.78	0.506	0.306	0.534	0.424	0.33	0.332	0.826	0.918	0.586	0.886	0.622	0.572	0.852	0.616	0.548	0.994	0.864	0.502	0.854	0.61	0.86	0.73	0.504	0.766	0.498	0.478	0.838	0.698	0.52	0.748	0.494	0.714	0.532	0.49	0.814	0.726	0.746	0.464	0.518	0.75	0.598	0.548	0.502	0.462	0.58	0.572	0.538	0.506	0.602	0.63	0.704	0.562	0.79	0.864
SRR21280627	0.95	0.334	0.872	0.842	0.922	0.856	0.988	0.946	0.922	0.422	0.966	0.922	0.992	0.776	0.898	0.822	0.822	0.256	0.212	0.322	0.516	0.0	0.706	0.494	0.944	0.606	0.522	0.334	0.786	0.466	0.596	0.714	0.91	0.214	0.812	0.33	0.292	0.774	0.464	0.236	0.994	0.758	0.404	0.744	0.448	0.724	0.58	0.28	0.598	0.442	0.32	0.772	0.6	0.258	0.698	0.374	0.668	0.232	0.368	0.796	0.694	0.674	0.742	0.172	0.638	0.514	0.264	0.298	0.544	0.27	0.31	0.214	0.384	0.664	0.6	0.66	0.532	0.754	0.834
SRR21280628	0.78	0.818	0.794	0.698	0.784	0.836	0.838	0.89	0.76	0.722	0.856	0.862	0.992	0.732	0.766	0.834	0.586	0.596	0.758	0.75	0.458	0.706	0.0	0.57	0.724	0.636	0.45	0.704	0.526	0.604	0.586	0.828	0.918	0.788	0.88	0.836	0.786	0.838	0.748	0.744	0.994	0.848	0.694	0.834	0.734	0.836	0.738	0.72	0.75	0.642	0.69	0.836	0.7	0.71	0.736	0.684	0.71	0.738	0.694	0.81	0.722	0.736	0.538	0.708	0.73	0.804	0.742	0.698	0.578	0.782	0.77	0.736	0.65	0.586	0.628	0.67	0.67	0.792	0.866
SRR21280630	0.85	0.534	0.834	0.786	0.83	0.888	0.842	0.896	0.778	0.506	0.824	0.82	0.992	0.796	0.812	0.828	0.646	0.422	0.49	0.476	0.404	0.494	0.57	0.0	0.776	0.39	0.306	0.378	0.596	0.378	0.408	0.874	0.918	0.5	0.894	0.552	0.502	0.914	0.646	0.478	0.982	0.9	0.432	0.898	0.642	0.898	0.76	0.448	0.798	0.5	0.456	0.896	0.76	0.472	0.794	0.508	0.768	0.494	0.51	0.902	0.796	0.784	0.696	0.5	0.796	0.502	0.508	0.498	0.55	0.516	0.48	0.502	0.526	0.666	0.7	0.756	0.594	0.814	0.884
SRR21280631	0.694	0.934	0.886	0.878	0.95	0.948	0.46	0.97	0.712	0.946	0.706	0.878	0.992	0.882	0.898	0.934	0.66	0.868	0.926	0.896	0.78	0.944	0.724	0.776	0.0	0.65	0.728	0.856	0.662	0.862	0.846	0.928	0.95	0.94	0.934	0.95	0.916	0.934	0.944	0.916	0.994	0.932	0.842	0.916	0.93	0.928	0.934	0.892	0.934	0.894	0.906	0.94	0.898	0.916	0.88	0.902	0.906	0.932	0.916	0.902	0.846	0.908	0.742	0.932	0.902	0.938	0.932	0.904	0.804	0.94	0.912	0.932	0.922	0.816	0.846	0.858	0.902	0.942	0.94
SRR21280632	0.832	0.6	0.798	0.786	0.828	0.888	0.704	0.954	0.776	0.528	0.722	0.856	0.992	0.794	0.896	0.872	0.588	0.516	0.588	0.538	0.506	0.606	0.636	0.39	0.65	0.0	0.388	0.482	0.608	0.488	0.492	0.908	0.91	0.602	0.918	0.626	0.57	0.94	0.676	0.586	0.992	0.924	0.51	0.902	0.65	0.914	0.786	0.536	0.822	0.546	0.548	0.93	0.79	0.57	0.818	0.552	0.848	0.598	0.572	0.928	0.82	0.812	0.742	0.6	0.846	0.606	0.596	0.59	0.536	0.602	0.564	0.59	0.616	0.7	0.722	0.772	0.63	0.84	0.914
SRR21280633	0.764	0.604	0.78	0.716	0.758	0.826	0.794	0.864	0.688	0.528	0.818	0.798	0.99	0.748	0.774	0.814	0.568	0.418	0.534	0.522	0.306	0.522	0.45	0.306	0.728	0.388	0.0	0.444	0.416	0.362	0.358	0.844	0.91	0.558	0.856	0.62	0.544	0.88	0.622	0.528	0.994	0.872	0.462	0.862	0.612	0.854	0.726	0.458	0.772	0.45	0.48	0.868	0.71	0.508	0.772	0.482	0.728	0.526	0.49	0.85	0.75	0.76	0.566	0.524	0.762	0.56	0.54	0.498	0.466	0.556	0.534	0.526	0.502	0.606	0.652	0.712	0.55	0.792	0.86
SRR21280634	0.92	0.256	0.858	0.848	0.888	0.892	0.894	0.948	0.846	0.412	0.864	0.894	0.992	0.812	0.924	0.86	0.8	0.336	0.302	0.218	0.534	0.334	0.704	0.378	0.856	0.482	0.444	0.0	0.682	0.408	0.566	0.882	0.91	0.246	0.896	0.284	0.242	0.932	0.658	0.346	0.984	0.904	0.462	0.898	0.636	0.872	0.748	0.186	0.804	0.524	0.468	0.916	0.77	0.396	0.828	0.488	0.8	0.374	0.464	0.904	0.796	0.758	0.778	0.284	0.832	0.496	0.282	0.442	0.576	0.256	0.21	0.266	0.604	0.74	0.718	0.766	0.644	0.81	0.908
SRR21280635	0.678	0.824	0.776	0.722	0.726	0.83	0.628	0.794	0.514	0.772	0.766	0.746	0.99	0.732	0.712	0.844	0.59	0.67	0.762	0.766	0.424	0.786	0.526	0.596	0.662	0.608	0.416	0.682	0.0	0.528	0.454	0.85	0.91	0.8	0.85	0.852	0.788	0.872	0.828	0.766	0.992	0.872	0.692	0.84	0.764	0.84	0.77	0.712	0.784	0.644	0.718	0.872	0.754	0.754	0.768	0.722	0.72	0.758	0.728	0.838	0.75	0.782	0.472	0.766	0.75	0.802	0.8	0.748	0.604	0.808	0.784	0.772	0.706	0.596	0.68	0.712	0.706	0.804	0.88
SRR21280636	0.866	0.504	0.818	0.74	0.728	0.898	0.822	0.706	0.752	0.48	0.86	0.716	0.99	0.798	0.638	0.862	0.796	0.432	0.5	0.448	0.33	0.466	0.604	0.378	0.862	0.488	0.362	0.408	0.528	0.0	0.342	0.898	0.918	0.498	0.902	0.522	0.478	0.956	0.674	0.49	0.994	0.94	0.5	0.926	0.658	0.912	0.748	0.384	0.828	0.472	0.438	0.924	0.742	0.452	0.832	0.498	0.762	0.482	0.484	0.892	0.798	0.784	0.596	0.468	0.798	0.55	0.492	0.47	0.554	0.492	0.436	0.462	0.512	0.65	0.72	0.784	0.63	0.836	0.914
SRR21280637	0.838	0.654	0.798	0.786	0.782	0.868	0.864	0.8	0.792	0.6	0.896	0.78	0.992	0.792	0.726	0.822	0.714	0.53	0.63	0.584	0.332	0.596	0.586	0.408	0.846	0.492	0.358	0.566	0.454	0.342	0.0	0.854	0.91	0.6	0.882	0.67	0.596	0.896	0.648	0.582	0.994	0.884	0.526	0.87	0.62	0.878	0.746	0.528	0.78	0.506	0.528	0.88	0.736	0.57	0.78	0.562	0.75	0.586	0.544	0.882	0.772	0.778	0.574	0.598	0.788	0.608	0.61	0.568	0.5	0.622	0.606	0.604	0.534	0.66	0.666	0.73	0.594	0.794	0.862
SRR21280645	0.878	0.942	0.798	0.796	0.924	0.724	0.972	0.956	0.906	0.894	0.95	0.928	0.934	0.704	0.892	0.802	0.704	0.748	0.732	0.924	0.826	0.714	0.828	0.874	0.928	0.908	0.844	0.882	0.85	0.898	0.854	0.0	0.902	0.764	0.748	0.93	0.866	0.31	0.562	0.61	0.988	0.306	0.672	0.318	0.408	0.34	0.436	0.868	0.452	0.6	0.572	0.492	0.432	0.568	0.472	0.514	0.474	0.578	0.568	0.526	0.436	0.502	0.618	0.682	0.452	0.85	0.7	0.492	0.544	0.888	0.922	0.748	0.588	0.55	0.406	0.408	0.532	0.616	0.8
SRR21280646	0.97	0.918	0.972	0.968	0.974	0.976	0.998	0.992	0.984	0.866	0.982	0.986	0.754	0.914	0.926	0.674	0.974	0.91	0.91	0.918	0.918	0.91	0.918	0.918	0.95	0.91	0.91	0.91	0.91	0.918	0.91	0.902	0.0	0.896	0.892	0.876	0.9	0.992	0.732	0.908	0.99	0.912	0.85	0.966	0.882	0.902	0.9	0.91	0.766	0.91	0.91	0.982	0.902	0.91	0.91	0.906	0.91	0.91	0.902	0.992	0.926	0.91	0.932	0.91	0.914	0.774	0.86	0.91	0.91	0.91	0.912	0.906	0.91	0.91	0.904	0.902	0.91	0.9	0.936
SRR21280647	0.93	0.208	0.92	0.916	0.958	0.944	0.984	0.982	0.942	0.41	0.962	0.956	0.978	0.818	0.946	0.818	0.876	0.346	0.248	0.198	0.586	0.214	0.788	0.5	0.94	0.602	0.558	0.246	0.8	0.498	0.6	0.764	0.896	0.0	0.798	0.2	0.164	0.818	0.526	0.222	0.992	0.794	0.37	0.788	0.504	0.758	0.626	0.192	0.644	0.486	0.372	0.824	0.69	0.298	0.722	0.442	0.756	0.252	0.384	0.83	0.74	0.69	0.822	0.188	0.714	0.478	0.236	0.358	0.57	0.17	0.192	0.22	0.518	0.738	0.65	0.696	0.576	0.77	0.856
SRR21280648	0.886	0.934	0.864	0.852	0.93	0.928	0.958	0.96	0.904	0.898	0.936	0.93	0.958	0.766	0.908	0.858	0.854	0.878	0.82	0.928	0.886	0.812	0.88	0.894	0.934	0.918	0.856	0.896	0.85	0.902	0.882	0.748	0.892	0.798	0.0	0.928	0.88	0.79	0.746	0.744	0.992	0.766	0.71	0.764	0.73	0.728	0.716	0.884	0.724	0.726	0.78	0.79	0.75	0.746	0.752	0.752	0.73	0.744	0.774	0.78	0.724	0.786	0.792	0.808	0.714	0.86	0.826	0.75	0.776	0.896	0.908	0.804	0.762	0.748	0.73	0.736	0.78	0.83	0.848
SRR21280649	0.972	0.072	0.982	0.98	0.99	0.986	0.998	0.996	0.988	0.438	0.982	0.99	0.946	0.942	0.942	0.858	0.978	0.402	0.352	0.144	0.622	0.33	0.836	0.552	0.95	0.626	0.62	0.284	0.852	0.522	0.67	0.93	0.876	0.2	0.928	0.0	0.172	0.99	0.65	0.406	0.994	0.958	0.532	0.962	0.68	0.912	0.802	0.222	0.802	0.634	0.508	0.984	0.842	0.446	0.898	0.576	0.892	0.434	0.532	0.99	0.912	0.826	0.924	0.294	0.882	0.536	0.292	0.516	0.696	0.084	0.182	0.322	0.666	0.848	0.828	0.874	0.692	0.86	0.93
SRR21280650	0.938	0.158	0.912	0.91	0.938	0.93	0.964	0.972	0.93	0.4	0.942	0.938	0.964	0.852	0.926	0.844	0.904	0.354	0.312	0.138	0.572	0.292	0.786	0.502	0.916	0.57	0.544	0.242	0.788	0.478	0.596	0.866	0.9	0.164	0.88	0.172	0.0	0.922	0.618	0.348	0.992	0.884	0.46	0.892	0.618	0.874	0.738	0.148	0.766	0.54	0.44	0.908	0.762	0.368	0.82	0.494	0.82	0.376	0.46	0.918	0.832	0.774	0.838	0.242	0.824	0.498	0.262	0.456	0.606	0.156	0.164	0.254	0.604	0.756	0.748	0.792	0.626	0.82	0.884
SRR21280651	0.866	0.988	0.824	0.806	0.96	0.756	0.926	0.984	0.902	0.966	0.944	0.954	1.0	0.75	0.934	0.898	0.704	0.77	0.774	0.956	0.852	0.774	0.838	0.914	0.934	0.94	0.88	0.932	0.872	0.956	0.896	0.31	0.992	0.818	0.79	0.99	0.922	0.0	0.622	0.644	0.998	0.264	0.698	0.234	0.434	0.314	0.43	0.928	0.508	0.662	0.576	0.424	0.416	0.588	0.424	0.534	0.466	0.636	0.656	0.418	0.362	0.45	0.654	0.736	0.404	0.91	0.77	0.552	0.524	0.944	0.966	0.798	0.648	0.492	0.374	0.348	0.472	0.584	0.856
SRR21280652	0.86	0.68	0.88	0.848	0.968	0.86	0.986	0.988	0.96	0.612	0.966	0.964	0.816	0.748	0.886	0.658	0.828	0.554	0.546	0.672	0.616	0.464	0.748	0.646	0.944	0.676	0.622	0.658	0.828	0.674	0.648	0.562	0.732	0.526	0.746	0.65	0.618	0.622	0.0	0.428	0.994	0.556	0.456	0.596	0.328	0.552	0.448	0.642	0.368	0.464	0.48	0.712	0.536	0.446	0.636	0.462	0.652	0.408	0.452	0.73	0.606	0.604	0.754	0.498	0.598	0.502	0.496	0.418	0.512	0.638	0.67	0.508	0.374	0.662	0.54	0.562	0.486	0.698	0.816
SRR21280653	0.884	0.408	0.86	0.852	0.958	0.89	0.96	0.984	0.924	0.424	0.94	0.954	0.99	0.75	0.926	0.804	0.804	0.308	0.23	0.384	0.548	0.236	0.744	0.478	0.916	0.586	0.528	0.346	0.766	0.49	0.582	0.61	0.908	0.222	0.744	0.406	0.348	0.644	0.428	0.0	0.992	0.624	0.302	0.61	0.344	0.606	0.518	0.35	0.53	0.388	0.32	0.714	0.596	0.234	0.614	0.354	0.638	0.132	0.306	0.716	0.616	0.588	0.756	0.248	0.58	0.47	0.284	0.252	0.494	0.358	0.384	0.264	0.436	0.65	0.524	0.554	0.46	0.7	0.822
SRR21280654	1.0	0.994	0.992	0.99	0.998	0.994	1.0	1.0	0.994	0.986	0.996	0.994	0.998	0.988	0.994	0.994	0.986	0.994	0.95	0.994	0.994	0.994	0.994	0.982	0.994	0.992	0.994	0.984	0.992	0.994	0.994	0.988	0.99	0.992	0.992	0.994	0.992	0.998	0.994	0.992	0.0	0.994	0.992	0.992	0.992	0.992	0.992	0.992	0.992	0.992	0.992	0.998	0.992	0.992	0.992	0.988	0.992	0.992	0.992	0.998	0.992	0.992	0.992	0.992	0.992	0.992	0.992	0.992	0.992	0.994	0.994	0.992	0.994	0.992	0.992	0.992	0.992	0.992	0.992
SRR21280656	0.858	0.968	0.798	0.798	0.946	0.764	0.942	0.984	0.904	0.906	0.93	0.948	0.912	0.72	0.9	0.82	0.716	0.772	0.77	0.938	0.864	0.758	0.848	0.9	0.932	0.924	0.872	0.904	0.872	0.94	0.884	0.306	0.912	0.794	0.766	0.958	0.884	0.264	0.556	0.624	0.994	0.0	0.674	0.242	0.384	0.28	0.438	0.91	0.384	0.648	0.626	0.54	0.498	0.596	0.53	0.586	0.562	0.62	0.63	0.546	0.474	0.544	0.662	0.72	0.5	0.866	0.734	0.582	0.594	0.928	0.942	0.78	0.632	0.604	0.46	0.456	0.58	0.67	0.844
SRR21280658	0.822	0.542	0.832	0.848	0.898	0.896	0.894	0.978	0.844	0.488	0.876	0.93	0.942	0.728	0.876	0.802	0.758	0.462	0.388	0.504	0.502	0.404	0.694	0.432	0.842	0.51	0.462	0.462	0.692	0.5	0.526	0.672	0.85	0.37	0.71	0.532	0.46	0.698	0.456	0.302	0.992	0.674	0.0	0.672	0.406	0.642	0.578	0.466	0.566	0.408	0.386	0.746	0.626	0.35	0.65	0.38	0.68	0.288	0.41	0.724	0.616	0.628	0.706	0.43	0.612	0.466	0.44	0.324	0.472	0.512	0.5	0.436	0.484	0.588	0.528	0.572	0.504	0.746	0.842
SRR21280659	0.87	0.954	0.808	0.798	0.948	0.762	0.916	0.984	0.898	0.934	0.93	0.948	0.992	0.726	0.928	0.872	0.69	0.754	0.738	0.926	0.854	0.744	0.834	0.898	0.916	0.902	0.862	0.898	0.84	0.926	0.87	0.318	0.966	0.788	0.764	0.962	0.892	0.234	0.596	0.61	0.992	0.242	0.672	0.0	0.378	0.226	0.438	0.904	0.432	0.636	0.614	0.56	0.504	0.602	0.538	0.592	0.564	0.6	0.634	0.558	0.47	0.536	0.636	0.71	0.502	0.884	0.738	0.568	0.578	0.914	0.93	0.77	0.622	0.602	0.464	0.438	0.586	0.676	0.836
SRR21280660	0.886	0.68	0.798	0.806	0.938	0.794	0.954	0.982	0.922	0.646	0.948	0.948	0.972	0.692	0.916	0.778	0.754	0.542	0.476	0.66	0.61	0.448	0.734	0.642	0.93	0.65	0.612	0.636	0.764	0.658	0.62	0.408	0.882	0.504	0.73	0.68	0.618	0.434	0.328	0.344	0.992	0.384	0.406	0.378	0.0	0.382	0.332	0.628	0.338	0.396	0.414	0.622	0.436	0.374	0.54	0.366	0.558	0.328	0.392	0.638	0.496	0.482	0.662	0.454	0.472	0.594	0.458	0.32	0.42	0.642	0.654	0.486	0.348	0.574	0.4	0.434	0.404	0.608	0.818
SRR21280661	0.87	0.932	0.814	0.79	0.92	0.764	0.934	0.96	0.904	0.88	0.94	0.928	0.954	0.684	0.892	0.812	0.728	0.74	0.726	0.924	0.86	0.724	0.836	0.898	0.928	0.914	0.854	0.872	0.84	0.912	0.878	0.34	0.902	0.758	0.728	0.912	0.874	0.314	0.552	0.606	0.992	0.28	0.642	0.226	0.382	0.0	0.43	0.884	0.396	0.6	0.65	0.6	0.506	0.594	0.56	0.592	0.558	0.56	0.61	0.586	0.496	0.534	0.632	0.69	0.49	0.842	0.684	0.558	0.62	0.894	0.902	0.724	0.578	0.616	0.492	0.464	0.608	0.682	0.812
SRR21280774	0.866	0.8	0.806	0.786	0.89	0.748	0.942	0.944	0.892	0.766	0.938	0.908	0.99	0.648	0.892	0.794	0.746	0.628	0.616	0.79	0.73	0.58	0.738	0.76	0.934	0.786	0.726	0.748	0.77	0.748	0.746	0.436	0.9	0.626	0.716	0.802	0.738	0.43	0.448	0.518	0.992	0.438	0.578	0.438	0.332	0.43	0.0	0.73	0.408	0.458	0.428	0.516	0.292	0.398	0.438	0.352	0.442	0.484	0.476	0.514	0.396	0.41	0.604	0.55	0.4	0.722	0.572	0.388	0.424	0.756	0.764	0.576	0.43	0.436	0.338	0.374	0.426	0.478	0.82
SRR21280775	0.908	0.208	0.858	0.862	0.884	0.884	0.936	0.924	0.874	0.412	0.926	0.888	0.99	0.826	0.88	0.836	0.864	0.324	0.312	0.144	0.504	0.28	0.72	0.448	0.892	0.536	0.458	0.186	0.712	0.384	0.528	0.868	0.91	0.192	0.884	0.222	0.148	0.928	0.642	0.35	0.992	0.91	0.466	0.904	0.628	0.884	0.73	0.0	0.798	0.498	0.434	0.904	0.73	0.368	0.81	0.458	0.778	0.372	0.446	0.896	0.798	0.774	0.754	0.236	0.804	0.518	0.272	0.444	0.554	0.17	0.148	0.24	0.56	0.71	0.712	0.78	0.612	0.816	0.88
SRR21280819	0.888	0.844	0.86	0.808	0.954	0.824	0.978	0.982	0.926	0.762	0.962	0.954	0.788	0.704	0.878	0.6	0.746	0.692	0.63	0.834	0.766	0.598	0.75	0.798	0.934	0.822	0.772	0.804	0.784	0.828	0.78	0.452	0.766	0.644	0.724	0.802	0.766	0.508	0.368	0.53	0.992	0.384	0.566	0.432	0.338	0.396	0.408	0.798	0.0	0.554	0.58	0.636	0.478	0.55	0.558	0.552	0.574	0.488	0.558	0.664	0.528	0.516	0.698	0.614	0.506	0.642	0.59	0.496	0.584	0.792	0.828	0.642	0.514	0.586	0.454	0.472	0.548	0.636	0.802
SRR21280873	0.818	0.62	0.732	0.646	0.782	0.7	0.876	0.856	0.77	0.562	0.904	0.818	0.99	0.604	0.794	0.776	0.642	0.424	0.454	0.576	0.498	0.442	0.642	0.5	0.894	0.546	0.45	0.524	0.644	0.472	0.506	0.6	0.91	0.486	0.726	0.634	0.54	0.662	0.464	0.388	0.992	0.648	0.408	0.636	0.396	0.6	0.458	0.498	0.554	0.0	0.318	0.624	0.454	0.304	0.522	0.26	0.466	0.362	0.258	0.608	0.518	0.526	0.522	0.36	0.524	0.554	0.4	0.304	0.334	0.574	0.554	0.388	0.298	0.392	0.442	0.484	0.372	0.62	0.778
SRR21280874	0.894	0.508	0.82	0.762	0.924	0.73	0.932	0.952	0.866	0.476	0.936	0.916	0.992	0.69	0.874	0.8	0.704	0.29	0.35	0.476	0.478	0.32	0.69	0.456	0.906	0.548	0.48	0.468	0.718	0.438	0.528	0.572	0.91	0.372	0.78	0.508	0.44	0.576	0.48	0.32	0.992	0.626	0.386	0.614	0.414	0.65	0.428	0.434	0.58	0.318	0.0	0.552	0.416	0.14	0.47	0.198	0.47	0.292	0.262	0.556	0.474	0.456	0.572	0.27	0.45	0.482	0.282	0.18	0.262	0.452	0.48	0.304	0.428	0.406	0.382	0.434	0.264	0.51	0.798
SRR21280875	0.88	0.974	0.826	0.79	0.93	0.718	0.946	0.964	0.888	0.958	0.948	0.932	0.996	0.708	0.914	0.868	0.692	0.774	0.81	0.946	0.838	0.772	0.836	0.896	0.94	0.93	0.868	0.916	0.872	0.924	0.88	0.492	0.982	0.824	0.79	0.984	0.908	0.424	0.712	0.714	0.998	0.54	0.746	0.56	0.622	0.6	0.516	0.904	0.636	0.624	0.552	0.0	0.378	0.576	0.172	0.502	0.236	0.686	0.614	0.176	0.254	0.372	0.622	0.716	0.278	0.902	0.742	0.544	0.522	0.936	0.954	0.772	0.678	0.444	0.38	0.292	0.432	0.264	0.838
SRR21280876	0.882	0.834	0.764	0.738	0.866	0.692	0.926	0.912	0.852	0.796	0.934	0.87	0.99	0.65	0.852	0.786	0.712	0.64	0.682	0.802	0.698	0.6	0.7	0.76	0.898	0.79	0.71	0.77	0.754	0.742	0.736	0.432	0.902	0.69	0.75	0.842	0.762	0.416	0.536	0.596	0.992	0.498	0.626	0.504	0.436	0.506	0.292	0.73	0.478	0.454	0.416	0.378	0.0	0.446	0.3	0.336	0.278	0.554	0.492	0.38	0.238	0.35	0.52	0.592	0.278	0.776	0.606	0.444	0.396	0.778	0.776	0.596	0.444	0.316	0.218	0.222	0.376	0.414	0.788
SRR21280912	0.882	0.438	0.82	0.786	0.93	0.738	0.95	0.954	0.896	0.43	0.944	0.92	0.99	0.694	0.888	0.788	0.728	0.262	0.292	0.42	0.52	0.258	0.71	0.472	0.916	0.57	0.508	0.396	0.754	0.452	0.57	0.568	0.91	0.298	0.746	0.446	0.368	0.588	0.446	0.234	0.992	0.596	0.35	0.602	0.374	0.594	0.398	0.368	0.55	0.304	0.14	0.576	0.446	0.0	0.488	0.174	0.482	0.186	0.214	0.574	0.486	0.484	0.604	0.188	0.472	0.478	0.216	0.15	0.316	0.396	0.4	0.226	0.4	0.456	0.406	0.458	0.33	0.548	0.808
SRR21280913	0.84	0.89	0.792	0.76	0.918	0.702	0.922	0.956	0.86	0.866	0.914	0.92	0.992	0.662	0.876	0.78	0.66	0.682	0.716	0.854	0.748	0.698	0.736	0.794	0.88	0.818	0.772	0.828	0.768	0.832	0.78	0.472	0.91	0.722	0.752	0.898	0.82	0.424	0.636	0.614	0.992	0.53	0.65	0.538	0.54	0.56	0.438	0.81	0.558	0.522	0.47	0.172	0.3	0.488	0.0	0.422	0.166	0.594	0.534	0.202	0.172	0.276	0.55	0.638	0.21	0.812	0.664	0.476	0.414	0.84	0.858	0.684	0.59	0.33	0.294	0.232	0.334	0.242	0.78
SRR21280916	0.878	0.564	0.774	0.746	0.88	0.7	0.93	0.92	0.852	0.53	0.914	0.876	0.99	0.65	0.868	0.784	0.694	0.37	0.394	0.544	0.494	0.374	0.684	0.508	0.902	0.552	0.482	0.488	0.722	0.498	0.562	0.514	0.906	0.442	0.752	0.576	0.494	0.534	0.462	0.354	0.988	0.586	0.38	0.592	0.366	0.592	0.352	0.458	0.552	0.26	0.198	0.502	0.336	0.174	0.422	0.0	0.38	0.312	0.236	0.508	0.41	0.41	0.54	0.31	0.412	0.506	0.34	0.172	0.258	0.514	0.522	0.344	0.356	0.346	0.338	0.382	0.286	0.502	0.798
SRR21280917	0.846	0.884	0.772	0.71	0.85	0.682	0.924	0.872	0.812	0.846	0.926	0.846	0.99	0.636	0.826	0.78	0.642	0.644	0.716	0.86	0.714	0.668	0.71	0.768	0.906	0.848	0.728	0.8	0.72	0.762	0.75	0.474	0.91	0.756	0.73	0.892	0.82	0.466	0.652	0.638	0.992	0.562	0.68	0.564	0.558	0.558	0.442	0.778	0.574	0.466	0.47	0.236	0.278	0.482	0.166	0.38	0.0	0.584	0.498	0.224	0.17	0.264	0.484	0.616	0.194	0.814	0.65	0.462	0.418	0.832	0.838	0.662	0.522	0.28	0.286	0.244	0.332	0.28	0.782
SRR21280919	0.894	0.436	0.852	0.826	0.938	0.856	0.964	0.966	0.928	0.44	0.952	0.936	0.99	0.712	0.914	0.798	0.78	0.302	0.224	0.424	0.532	0.232	0.738	0.494	0.932	0.598	0.526	0.374	0.758	0.482	0.586	0.578	0.91	0.252	0.744	0.434	0.376	0.636	0.408	0.132	0.992	0.62	0.288	0.6	0.328	0.56	0.484	0.372	0.488	0.362	0.292	0.686	0.554	0.186	0.594	0.312	0.584	0.0	0.272	0.688	0.57	0.54	0.722	0.246	0.546	0.466	0.272	0.208	0.468	0.38	0.412	0.238	0.39	0.624	0.468	0.528	0.44	0.668	0.812
SRR21280920	0.888	0.524	0.816	0.752	0.898	0.728	0.972	0.94	0.894	0.48	0.95	0.914	0.982	0.64	0.89	0.77	0.682	0.336	0.356	0.504	0.49	0.368	0.694	0.51	0.916	0.572	0.49	0.464	0.728	0.484	0.544	0.568	0.902	0.384	0.774	0.532	0.46	0.656	0.452	0.306	0.992	0.63	0.41	0.634	0.392	0.61	0.476	0.446	0.558	0.258	0.262	0.614	0.492	0.214	0.534	0.236	0.498	0.272	0.0	0.632	0.544	0.52	0.572	0.252	0.546	0.506	0.29	0.206	0.356	0.48	0.502	0.322	0.378	0.504	0.454	0.49	0.38	0.582	0.792
SRR21280921	0.822	0.988	0.8	0.758	0.924	0.732	0.876	0.946	0.856	0.952	0.916	0.916	0.998	0.698	0.894	0.896	0.678	0.756	0.806	0.952	0.814	0.796	0.81	0.902	0.902	0.928	0.85	0.904	0.838	0.892	0.882	0.526	0.992	0.83	0.78	0.99	0.918	0.418	0.73	0.716	0.998	0.546	0.724	0.558	0.638	0.586	0.514	0.896	0.664	0.608	0.556	0.176	0.38	0.574	0.202	0.508	0.224	0.688	0.632	0.0	0.214	0.344	0.504	0.736	0.266	0.91	0.768	0.558	0.474	0.944	0.936	0.77	0.662	0.38	0.36	0.304	0.43	0.344	0.852
SRR21280922	0.81	0.902	0.776	0.734	0.91	0.71	0.866	0.94	0.836	0.882	0.89	0.902	0.99	0.652	0.862	0.81	0.65	0.682	0.724	0.856	0.726	0.694	0.722	0.796	0.846	0.82	0.75	0.796	0.75	0.798	0.772	0.436	0.926	0.74	0.724	0.912	0.832	0.362	0.606	0.616	0.992	0.474	0.616	0.47	0.496	0.496	0.396	0.798	0.528	0.518	0.474	0.254	0.238	0.486	0.172	0.41	0.17	0.57	0.544	0.214	0.0	0.282	0.488	0.648	0.208	0.834	0.68	0.46	0.376	0.864	0.854	0.688	0.544	0.302	0.218	0.158	0.358	0.356	0.798
SRR21280923	0.874	0.826	0.85	0.77	0.906	0.768	0.922	0.922	0.876	0.802	0.898	0.888	0.992	0.742	0.882	0.806	0.754	0.622	0.616	0.818	0.746	0.674	0.736	0.784	0.908	0.812	0.76	0.758	0.782	0.784	0.778	0.502	0.91	0.69	0.786	0.826	0.774	0.45	0.604	0.588	0.992	0.544	0.628	0.536	0.482	0.534	0.41	0.774	0.516	0.526	0.456	0.372	0.35	0.484	0.276	0.41	0.264	0.54	0.52	0.344	0.282	0.0	0.62	0.598	0.266	0.746	0.614	0.436	0.436	0.784	0.808	0.642	0.58	0.344	0.322	0.274	0.33	0.3	0.84
SRR21280924	0.76	0.902	0.67	0.638	0.76	0.644	0.8	0.782	0.662	0.858	0.802	0.76	0.99	0.58	0.684	0.82	0.516	0.618	0.77	0.848	0.464	0.742	0.538	0.696	0.742	0.742	0.566	0.778	0.472	0.596	0.574	0.618	0.932	0.822	0.792	0.924	0.838	0.654	0.754	0.756	0.992	0.662	0.706	0.636	0.662	0.632	0.604	0.754	0.698	0.522	0.572	0.622	0.52	0.604	0.55	0.54	0.484	0.722	0.572	0.504	0.488	0.62	0.0	0.662	0.556	0.862	0.69	0.604	0.43	0.864	0.834	0.7	0.55	0.382	0.496	0.512	0.594	0.69	0.794
SRR21280926	0.95	0.284	0.864	0.816	0.928	0.79	0.988	0.948	0.918	0.432	0.966	0.924	0.992	0.73	0.9	0.818	0.76	0.246	0.206	0.28	0.518	0.172	0.708	0.5	0.932	0.6	0.524	0.284	0.766	0.468	0.598	0.682	0.91	0.188	0.808	0.294	0.242	0.736	0.498	0.248	0.992	0.72	0.43	0.71	0.454	0.69	0.55	0.236	0.614	0.36	0.27	0.716	0.592	0.188	0.638	0.31	0.616	0.246	0.252	0.736	0.648	0.598	0.662	0.0	0.632	0.504	0.166	0.242	0.456	0.252	0.286	0.178	0.438	0.576	0.568	0.604	0.47	0.662	0.84
SRR21280927	0.856	0.884	0.812	0.75	0.89	0.724	0.922	0.916	0.86	0.838	0.95	0.88	0.99	0.65	0.844	0.79	0.7	0.668	0.692	0.854	0.75	0.638	0.73	0.796	0.902	0.846	0.762	0.832	0.75	0.798	0.788	0.452	0.914	0.714	0.714	0.882	0.824	0.404	0.598	0.58	0.992	0.5	0.612	0.502	0.472	0.49	0.4	0.804	0.506	0.524	0.45	0.278	0.278	0.472	0.21	0.412	0.194	0.546	0.546	0.266	0.208	0.266	0.556	0.632	0.0	0.814	0.662	0.452	0.434	0.822	0.838	0.664	0.544	0.328	0.276	0.236	0.284	0.332	0.798
SRR21281059	0.92	0.552	0.914	0.904	0.956	0.936	0.978	0.988	0.942	0.49	0.958	0.964	0.744	0.842	0.9	0.652	0.868	0.49	0.496	0.548	0.598	0.514	0.804	0.502	0.938	0.606	0.56	0.496	0.802	0.55	0.608	0.85	0.774	0.478	0.86	0.536	0.498	0.91	0.502	0.47	0.992	0.866	0.466	0.884	0.594	0.842	0.722	0.518	0.642	0.554	0.482	0.902	0.776	0.478	0.812	0.506	0.814	0.466	0.506	0.91	0.834	0.746	0.862	0.504	0.814	0.0	0.462	0.472	0.62	0.514	0.54	0.488	0.598	0.786	0.744	0.786	0.614	0.766	0.856
SRR21281081	0.928	0.32	0.848	0.818	0.942	0.786	0.986	0.972	0.928	0.394	0.966	0.946	0.936	0.75	0.9	0.754	0.78	0.238	0.26	0.312	0.548	0.264	0.742	0.508	0.932	0.596	0.54	0.282	0.8	0.492	0.61	0.7	0.86	0.236	0.826	0.292	0.262	0.77	0.496	0.284	0.992	0.734	0.44	0.738	0.458	0.684	0.572	0.272	0.59	0.4	0.282	0.742	0.606	0.216	0.664	0.34	0.65	0.272	0.29	0.768	0.68	0.614	0.69	0.166	0.662	0.462	0.0	0.286	0.462	0.284	0.312	0.154	0.486	0.61	0.588	0.638	0.468	0.646	0.814
SRR21281124	0.898	0.508	0.85	0.806	0.946	0.75	0.97	0.966	0.922	0.494	0.956	0.942	0.992	0.71	0.918	0.786	0.716	0.324	0.31	0.494	0.502	0.298	0.698	0.498	0.904	0.59	0.498	0.442	0.748	0.47	0.568	0.492	0.91	0.358	0.75	0.516	0.456	0.552	0.418	0.252	0.992	0.582	0.324	0.568	0.32	0.558	0.388	0.444	0.496	0.304	0.18	0.544	0.444	0.15	0.476	0.172	0.462	0.208	0.206	0.558	0.46	0.436	0.604	0.242	0.452	0.472	0.286	0.0	0.314	0.466	0.494	0.322	0.386	0.472	0.394	0.408	0.336	0.534	0.818
SRR21281125	0.82	0.68	0.756	0.714	0.906	0.694	0.854	0.948	0.8	0.656	0.88	0.91	0.99	0.646	0.872	0.784	0.596	0.418	0.53	0.604	0.462	0.544	0.578	0.55	0.804	0.536	0.466	0.576	0.604	0.554	0.5	0.544	0.91	0.57	0.776	0.696	0.606	0.524	0.512	0.494	0.992	0.594	0.472	0.578	0.42	0.62	0.424	0.554	0.584	0.334	0.262	0.522	0.396	0.316	0.414	0.258	0.418	0.468	0.356	0.474	0.376	0.436	0.43	0.456	0.434	0.62	0.462	0.314	0.0	0.638	0.626	0.492	0.45	0.302	0.282	0.368	0.252	0.494	0.786
SRR21281126	0.948	0.094	0.92	0.916	0.952	0.926	0.984	0.972	0.944	0.422	0.962	0.948	0.992	0.882	0.926	0.844	0.916	0.338	0.3	0.138	0.58	0.27	0.782	0.516	0.94	0.602	0.556	0.256	0.808	0.492	0.622	0.888	0.91	0.17	0.896	0.084	0.156	0.944	0.638	0.358	0.994	0.928	0.512	0.914	0.642	0.894	0.756	0.17	0.792	0.574	0.452	0.936	0.778	0.396	0.84	0.514	0.832	0.38	0.48	0.944	0.864	0.784	0.864	0.252	0.822	0.514	0.284	0.466	0.638	0.0	0.166	0.274	0.606	0.788	0.77	0.828	0.628	0.814	0.888
SRR21281127	0.928	0.154	0.898	0.9	0.916	0.926	0.938	0.952	0.914	0.408	0.94	0.93	0.99	0.872	0.922	0.876	0.928	0.366	0.34	0.124	0.572	0.31	0.77	0.48	0.912	0.564	0.534	0.21	0.784	0.436	0.606	0.922	0.912	0.192	0.908	0.182	0.164	0.966	0.67	0.384	0.994	0.942	0.5	0.93	0.654	0.902	0.764	0.148	0.828	0.554	0.48	0.954	0.776	0.4	0.858	0.522	0.838	0.412	0.502	0.936	0.854	0.808	0.834	0.286	0.838	0.54	0.312	0.494	0.626	0.166	0.0	0.262	0.6	0.782	0.764	0.824	0.66	0.84	0.922
SRR21281128	0.906	0.312	0.822	0.798	0.902	0.82	0.95	0.94	0.902	0.4	0.948	0.906	0.99	0.708	0.886	0.804	0.8	0.256	0.226	0.304	0.538	0.214	0.736	0.502	0.932	0.59	0.526	0.266	0.772	0.462	0.604	0.748	0.906	0.22	0.804	0.322	0.254	0.798	0.508	0.264	0.992	0.78	0.436	0.77	0.486	0.724	0.576	0.24	0.642	0.388	0.304	0.772	0.596	0.226	0.684	0.344	0.662	0.238	0.322	0.77	0.688	0.642	0.7	0.178	0.664	0.488	0.154	0.322	0.492	0.274	0.262	0.0	0.412	0.618	0.606	0.666	0.508	0.7	0.814
SRR21281129	0.86	0.658	0.786	0.694	0.82	0.782	0.918	0.84	0.824	0.62	0.932	0.816	0.99	0.654	0.792	0.774	0.714	0.478	0.514	0.65	0.506	0.384	0.65	0.526	0.922	0.616	0.502	0.604	0.706	0.512	0.534	0.588	0.91	0.518	0.762	0.666	0.604	0.648	0.374	0.436	0.994	0.632	0.484	0.622	0.348	0.578	0.43	0.56	0.514	0.298	0.428	0.678	0.444	0.4	0.59	0.356	0.522	0.39	0.378	0.662	0.544	0.58	0.55	0.438	0.544	0.598	0.486	0.386	0.45	0.606	0.6	0.412	0.0	0.498	0.484	0.528	0.472	0.698	0.796
SRR21281130	0.77	0.838	0.696	0.628	0.792	0.656	0.806	0.846	0.69	0.79	0.834	0.796	0.99	0.578	0.752	0.792	0.58	0.572	0.684	0.79	0.602	0.664	0.586	0.666	0.816	0.7	0.606	0.74	0.596	0.65	0.66	0.55	0.91	0.738	0.748	0.848	0.756	0.492	0.662	0.65	0.992	0.604	0.588	0.602	0.574	0.616	0.436	0.71	0.586	0.392	0.406	0.444	0.316	0.456	0.33	0.346	0.28	0.624	0.504	0.38	0.302	0.344	0.382	0.576	0.328	0.786	0.61	0.472	0.302	0.788	0.782	0.618	0.498	0.0	0.292	0.324	0.312	0.454	0.794
SRR21281131	0.842	0.82	0.776	0.748	0.916	0.702	0.9	0.952	0.85	0.79	0.912	0.914	0.99	0.646	0.88	0.78	0.634	0.586	0.626	0.756	0.63	0.6	0.628	0.7	0.846	0.722	0.652	0.718	0.68	0.72	0.666	0.406	0.904	0.65	0.73	0.828	0.748	0.374	0.54	0.524	0.992	0.46	0.528	0.464	0.4	0.492	0.338	0.712	0.454	0.442	0.382	0.38	0.218	0.406	0.294	0.338	0.286	0.468	0.454	0.36	0.218	0.322	0.496	0.568	0.276	0.744	0.588	0.394	0.282	0.77	0.764	0.606	0.484	0.292	0.0	0.194	0.304	0.41	0.78
SRR21281132	0.85	0.856	0.802	0.748	0.904	0.696	0.908	0.966	0.876	0.822	0.922	0.928	0.992	0.67	0.894	0.782	0.634	0.638	0.662	0.808	0.704	0.66	0.67	0.756	0.858	0.772	0.712	0.766	0.712	0.784	0.73	0.408	0.902	0.696	0.736	0.874	0.792	0.348	0.562	0.554	0.992	0.456	0.572	0.438	0.434	0.464	0.374	0.78	0.472	0.484	0.434	0.292	0.222	0.458	0.232	0.382	0.244	0.528	0.49	0.304	0.158	0.274	0.512	0.604	0.236	0.786	0.638	0.408	0.368	0.828	0.824	0.666	0.528	0.324	0.194	0.0	0.332	0.364	0.8
SRR21281133	0.874	0.686	0.816	0.764	0.916	0.702	0.954	0.954	0.868	0.652	0.942	0.912	0.992	0.7	0.878	0.79	0.674	0.452	0.54	0.654	0.562	0.532	0.67	0.594	0.902	0.63	0.55	0.644	0.706	0.63	0.594	0.532	0.91	0.576	0.78	0.692	0.626	0.472	0.486	0.46	0.992	0.58	0.504	0.586	0.404	0.608	0.426	0.612	0.548	0.372	0.264	0.432	0.376	0.33	0.334	0.286	0.332	0.44	0.38	0.43	0.358	0.33	0.594	0.47	0.284	0.614	0.468	0.336	0.252	0.628	0.66	0.508	0.472	0.312	0.304	0.332	0.0	0.378	0.798
SRR21281252	0.91	0.852	0.848	0.834	0.912	0.752	0.978	0.988	0.948	0.828	0.962	0.956	0.988	0.744	0.936	0.794	0.762	0.676	0.73	0.85	0.79	0.754	0.792	0.814	0.942	0.84	0.792	0.81	0.804	0.836	0.794	0.616	0.9	0.77	0.83	0.86	0.82	0.584	0.698	0.7	0.992	0.67	0.746	0.676	0.608	0.682	0.478	0.816	0.636	0.62	0.51	0.264	0.414	0.548	0.242	0.502	0.28	0.668	0.582	0.344	0.356	0.3	0.69	0.662	0.332	0.766	0.646	0.534	0.494	0.814	0.84	0.7	0.698	0.454	0.41	0.364	0.378	0.0	0.846
SRR21281264	0.914	0.94	0.848	0.858	0.938	0.866	0.972	0.958	0.914	0.9	0.96	0.936	0.976	0.788	0.902	0.822	0.82	0.838	0.854	0.918	0.864	0.834	0.866	0.884	0.94	0.914	0.86	0.908	0.88	0.914	0.862	0.8	0.936	0.856	0.848	0.93	0.884	0.856	0.816	0.822	0.992	0.844	0.842	0.836	0.818	0.812	0.82	0.88	0.802	0.778	0.798	0.838	0.788	0.808	0.78	0.798	0.782	0.812	0.792	0.852	0.798	0.84	0.794	0.84	0.798	0.856	0.814	0.818	0.786	0.888	0.922	0.814	0.796	0.794	0.78	0.8	0.798	0.846	0.0
