	ec1441	ec1442	ec1444	ec1445	ec1446	ec1449	ec1450	ec1452	ec1453	ec1454	ec1455	ec1457	ec1460	ec1461	ec1462	ec1463	ec1468	ec1469	ec1470	ec1471	ec1479	ec1489	ec1490	ec1492	ec1493	ec1495	ec1497	ec1498	ec1499	ec1500	ec1501	ec1502	ec1503	ec1505	ec1507	ec1508	ec1509	ec1510	ec1511	ec1513	ec1514	ec1515	ec1516	ec1517	ec1518	ec1521	ec1524	ec1525	ec1526	ec1529	ec1533	ec1534	eti145	eti146	eti147	eti149	eti151	eti152	eti153	eti154	eti156	eti160	eti161	eti162	eti164	eti165	eti166	eti167
ec1441	0.0	1.2397515486833899	0.608373871034205	1.1690416949144475	1.1205768995277325	0.37963417191940557	1.2381002953450864	0.650314315601009	0.6667404928205387	0.6688398482240626	0.6512697524782768	0.6510602894131349	0.3654967509279232	0.6301651293823611	0.6815810804395541	0.6573676638459046	0.6205909653607594	0.5789433238242155	0.6414215318772959	0.5831221764945587	0.5859817437546204	0.8080201276547212	0.6613646532893532	0.6479622221780121	0.5880979156222422	0.563635290881802	0.7403076074210293	0.3966592192897868	0.6264823038287177	0.6656177147489708	0.6142931206055212	0.5688074088522864	0.6397308091219234	0.6853822456390886	0.6741955347620734	0.6303042388338345	0.5958414790252393	0.611929837282505	0.6093963819669874	0.6702923114289744	0.666193766924017	0.6655026684371097	1.0742980661739008	0.6446714548907033	0.6178539825046643	0.6574087010440495	0.6722542682017225	0.6650471317391169	0.7894834444914341	0.6200425886863324	0.651087442057177	0.6615001317261845	0.6650097051167226	0.656209940994603	0.6636779990328577	1.150841829979918	0.5532954681333986	0.5160182730536479	0.6562736980082194	0.6561410897012941	0.5864719029594044	0.6265817163020195	0.6392479922222191	0.9224270974408849	0.6224507057782217	0.6631911048108597	0.6034097980124973	0.6438958052805541
ec1442	1.2397515486833899	0.0	1.2549535003585617	0.12573623317994953	0.13573351724923685	1.22751066031088	0.006409942735496609	1.2710842585280688	1.2730245468908346	1.2714948408537419	1.2649555944016813	1.2708552366345272	1.2617065506578147	1.256895991547452	1.283648597173271	1.2677838767356717	1.2318824868368374	1.2072282287768652	1.2603516011625324	1.181023750993545	1.1695080352282408	0.7985204137697677	1.2694240273048312	1.2611619306858364	1.2464030037335896	1.1685795672600274	0.8221902524488209	1.248466870283485	1.2616243753420846	1.2720947545093306	1.2430460954180205	1.2554412550253162	1.2616677737195983	1.2887337513630974	1.2276537215200403	1.2703942543608167	1.2068922002921818	1.1371856529615196	1.2540067610013692	1.2782700280867823	1.273051072987949	1.2742134371040983	0.2835702345968523	1.2587786080342824	1.2471231420778146	1.267427364060693	1.2770705197746999	1.2695427626421112	1.0943032179898706	1.1969609837281134	1.2693051440257799	1.2223215859216459	1.2710662181931016	1.2674901818877449	1.2733237788011031	0.5088609844984144	1.1916565780253305	1.2478262233801913	1.2668379068310882	1.2724023074916497	1.2384523664759814	1.2422977570976743	1.2615220024345082	0.5530635398490398	1.2449164351633066	1.2711414199928828	1.2270482015393074	1.1209636898861155
ec1444	0.608373871034205	1.2549535003585617	0.0	1.1296354238862858	1.160651700255649	0.487263565489558	1.2533454539119258	0.13507606874451805	0.16963633449302706	0.17978361361702483	0.14112941686856564	0.11095839020882772	0.3159305536225636	0.1534809425688195	0.18603342519552274	0.16900383147101442	0.2709659097638887	0.3480428468677604	0.10575735095841227	0.45310801342018975	0.5130049798928409	0.4674323093940973	0.17086988649650167	0.14527626129176124	0.08106383435456316	0.37536287645259087	0.4638347844470997	0.47307208671089385	0.1331775614795599	0.16993851413356645	0.10183872967913861	0.14917449337892502	0.1162781599303703	0.18400586310400616	0.23077972133646266	0.15471844865351894	0.3141274961292112	0.4920203167482948	0.12395568207408729	0.15803431832039425	0.17287441644233859	0.17799516414973326	0.9864389302537238	0.15205241920330537	0.14182870786356502	0.1747661997947557	0.1886933730380639	0.1806224191750906	0.5016121542031786	0.20230682498827118	0.1502756009144227	0.20797775058422083	0.16335787111245667	0.15312632793026415	0.15063110429040336	1.1927150841359258	0.43032225184006023	0.3213573352245894	0.1670411216564205	0.16189780267467485	0.19649618162011295	0.0674470587750582	0.08875859791633793	0.7211618154235949	0.13152491065454108	0.17298502460227258	0.11992548467124405	0.23070895426177962
ec1445	1.1690416949144475	0.12573623317994953	1.1296354238862858	0.0	0.07148985991847172	1.1536787244501165	0.12537696659036257	1.1457661822157927	1.1488116814246345	1.1472537137621064	1.1412218437903239	1.1455658452299846	1.1398278037742324	1.1315923297748771	1.158330520780995	1.1424658004233958	1.1101474031976915	1.081910152424589	1.1350335246902565	1.1180291788588395	1.1080398995341816	0.6731202415726396	1.1441059509925553	1.1382440730506658	1.1210849272613135	1.0448888725126735	0.6965939216738439	1.170124188093978	1.1397741170588476	1.1478550074390705	1.1177280189457448	1.132913956829667	1.1363641121070236	1.1634156764708217	1.1023356450477642	1.1488472161351586	1.0815741244799062	1.0150459421974807	1.1320702234219568	1.1529519517345064	1.150062260576054	1.1521470738328523	0.16152662174277904	1.1370868344427523	1.1226938530067827	1.144488951441206	1.1554218858312577	1.1464684757287582	0.9690138265853283	1.0718290093011626	1.1445240080900325	1.09700350944937	1.1457481417808255	1.1437402245653452	1.148005702328827	0.4374933432962966	1.1097304854348793	1.1233133464612293	1.1446140427628035	1.1474657146801637	1.1131773477677098	1.1169940953650996	1.1362039259622325	0.4273437981248604	1.1195983588510308	1.1471180616615981	1.1017445397667327	0.9956456134338394
ec1446	1.1205768995277325	0.13573351724923685	1.160651700255649	0.07148985991847172	0.0	1.107837715911897	0.13461245026627497	1.182775921233955	1.1932717943359705	1.1931006442275423	1.1869725864873126	1.1868792187393233	1.1443532145416953	1.1698949760839104	1.2069410105532392	1.187484503237272	1.1525620564117895	1.1148657989107849	1.1778655140795045	1.1022829478762084	1.0953421052226477	0.7190604667308748	1.1890520499390655	1.1822751825232904	1.157400567043856	1.0876226471020942	0.742204356323028	1.1247560162717238	1.1668008686582305	1.1911451780829136	1.1533935699160491	1.1589636988559822	1.1766557271481466	1.2094461327120603	1.1498639785825424	1.1712638042552845	1.1266097765409588	1.042112449807833	1.1556302663319806	1.1983326518634363	1.1955820283435339	1.194420587147711	0.19962178643578493	1.1788314746339397	1.1640690625588337	1.1876420958122336	1.199602577403102	1.1920737179976966	1.0143658417665251	1.1177079846719535	1.18019674246375	1.143520379917977	1.193254984965094	1.1899204957441034	1.1933864025777574	0.39977258737596333	1.0912488353177456	1.1387726436732943	1.187157887692936	1.1924568839447236	1.1354870227728475	1.1606228969879329	1.1777218335110353	0.4732282681308462	1.159975649192464	1.1895926894809452	1.1395407733294984	1.0417106908099563
ec1449	0.37963417191940557	1.22751066031088	0.487263565489558	1.1536787244501165	1.107837715911897	0.0	1.2258594069725763	0.5442501220188588	0.5663486629418639	0.5692487564783881	0.5468267653655654	0.5372710453108664	0.3309288578439218	0.5603234810139742	0.5876494243908627	0.5586635024368832	0.5213991903034211	0.4542724035563454	0.5298327870142309	0.46219454174703983	0.48094643100886636	0.7962348442617048	0.5600073417392131	0.5451096309877455	0.4858908761628404	0.442328519145477	0.714958057252975	0.36865011127215974	0.5204517916416161	0.5657148510091846	0.49617628142781417	0.46262303200125154	0.5295935723214018	0.5842322387930045	0.6290034328667159	0.5336551808401022	0.47105429800959553	0.5878869994242686	0.5082149601918811	0.5660955523482912	0.564151597991358	0.5643709447731182	1.0678261949153733	0.5442018432641755	0.5408842580403024	0.557292967188169	0.5707899702696044	0.5677328077280679	0.7387471290296297	0.6022375461474629	0.5460248304860243	0.6125934182920338	0.5629385816562663	0.5537336341808932	0.5590603253454139	1.1470536828700992	0.4413424478718144	0.3751881389908534	0.5530075719541074	0.5538660963080979	0.47178032765690364	0.526056451365281	0.5217968313934204	0.9142225055374408	0.5032055700711361	0.5636897837439777	0.49186282966653677	0.6309625063898898
ec1450	1.2381002953450864	0.006409942735496609	1.2533454539119258	0.12537696659036257	0.13461245026627497	1.2258594069725763	0.0	1.269476212081433	1.2714165004441988	1.2698435875154381	1.2633043410633775	1.2692471901878914	1.260098504211179	1.2555282491997233	1.282644663137064	1.2661758302890362	1.2305147444891087	1.2055769754385615	1.258743554715897	1.1794157045469096	1.1687667076079316	0.7970555916134895	1.2677727739665272	1.2597941883381074	1.244751750395286	1.1669283139217235	0.8201295772538475	1.2468588238368492	1.260016328895449	1.2707270121616019	1.2414380489713848	1.2538332085786807	1.2600597272729626	1.2870824980247935	1.2262081217152103	1.2687430010225131	1.2052841538455463	1.1355776065148842	1.2523555076630655	1.2766619816401468	1.2716833306402202	1.2728456947563696	0.28014716115166094	1.2571705615876465	1.2454718887395106	1.265776110722389	1.2757027774269711	1.2681750202943824	1.0926951715432351	1.1955932413803847	1.2676538906874761	1.2206703325833423	1.2694581717464661	1.266122439540016	1.2717157323544677	0.5072529380517791	1.1900485315786948	1.2461749700418876	1.2654701644833595	1.270794261045014	1.2368443200293457	1.2406897106510386	1.2599139559878725	0.5503397554161078	1.243265181825003	1.2697736776451538	1.225440155092672	1.1195959475183868
ec1452	0.650314315601009	1.2710842585280688	0.13507606874451805	1.1457661822157927	1.182775921233955	0.5442501220188588	1.269476212081433	0.0	0.056270633193344986	0.05992188540790505	0.04807882965321595	0.1131806211353387	0.37606427166562534	0.06701602297427497	0.059970613072036466	0.1318146149657174	0.28658120219903477	0.4341681315025453	0.06757436504479582	0.5045302923833751	0.5287919193334549	0.48433873208997164	0.05688970674645792	0.06586626325661775	0.1742360182365528	0.4299691295826067	0.5533735718508445	0.5522411577867621	0.12082463218554339	0.048625522881471345	0.15954856285844082	0.18922429367686638	0.07094863322549536	0.05994262504315157	0.1431734402607967	0.07643089889500208	0.40203891103856226	0.5552576618875943	0.10260880203878865	0.03654967647345708	0.055729793599187206	0.06974124385295566	1.0038251959596907	0.11120204050813996	0.11311157408072964	0.05587746787021322	0.07722515678421288	0.06283266347483049	0.5474218042579684	0.088187875902463	0.042735818799858466	0.17504037250632154	0.04899710660678715	0.05048260436053028	0.035399607651768084	1.2234550264105268	0.5007068654159309	0.38006309225758156	0.05081573524983663	0.04706491562505483	0.2688055401000604	0.13450447615300254	0.062300138313932184	0.7404966689416816	0.18180616139769853	0.057674752370494936	0.2051631936243495	0.15886172225365008
ec1453	0.6667404928205387	1.2730245468908346	0.16963633449302706	1.1488116814246345	1.1932717943359705	0.5663486629418639	1.2714165004441988	0.056270633193344986	0.0	0.029787845868295755	0.06288060509315986	0.147240427823372	0.39469107041051743	0.0908832491367233	0.04950073636274614	0.13767606105366856	0.26932129307960595	0.4661570438005197	0.09461377051250708	0.5224411983849883	0.5281705872986842	0.4885812911216255	0.02001700643283195	0.06707173679663228	0.21253140915372118	0.4431301472758132	0.5857768204193987	0.5823632199210405	0.11606346543744951	0.018535522798785495	0.19366508583765082	0.20004742674084366	0.09800147898345649	0.0479185929520531	0.14859503365701215	0.07346403029249293	0.4310829790372259	0.5691624787688436	0.1062025588724656	0.03938633352022451	0.023503821871931323	0.032528205010053726	1.0088312669876747	0.10046997254772404	0.10773497766370704	0.032404587999139076	0.03218219181201222	0.03281784920368236	0.5675412256090967	0.09199319574902554	0.030684014829387648	0.19466086071604852	0.015292923889882086	0.04189597346494583	0.0330961257494146	1.238308064923889	0.5195214990845225	0.41010806523265436	0.04301816464216215	0.01910224061425729	0.310316391758807	0.17276576249941356	0.10433930037161968	0.7367629229899646	0.2154617888935947	0.022782701453858394	0.23845047116957702	0.1847854044467119
ec1454	0.6688398482240626	1.2714948408537419	0.17978361361702483	1.1472537137621064	1.1931006442275423	0.5692487564783881	1.2698435875154381	0.05992188540790505	0.029787845868295755	0.0	0.05924107770399175	0.1527125613924117	0.3951344757074372	0.09839289454997391	0.04209016620638076	0.13892614360565816	0.2862071350177914	0.4680438534625124	0.09821873542611861	0.5241476996867366	0.5252613702189255	0.49642584713698834	0.025611050676014508	0.07541289234398874	0.2196822583147879	0.44612251798992075	0.592097756690297	0.5844732247596687	0.1371269459471867	0.02023457013002196	0.19198894291548063	0.2106173305633015	0.10336602680270363	0.03989028287953495	0.15576739208969337	0.09287760383293595	0.4338443664839555	0.5744572908135726	0.11903308817231775	0.042501057033477674	0.03889871934961608	0.054421555189198584	1.0110543230202313	0.12097057305389113	0.12718032566246332	0.016550688996197674	0.04763596672651032	0.01400849484305694	0.574599865327711	0.10285731236404251	0.04762509819490776	0.20257006944433065	0.029857958105577034	0.05659152668722219	0.0367588693959017	1.2394602349224582	0.5233193407574708	0.4136906629254568	0.0287510293208763	0.03997418410786003	0.318059038181046	0.17865560151492108	0.1090636171942807	0.7449849700034157	0.22242705484315567	0.022777824570475558	0.2461454889501105	0.1916091530921791
ec1455	0.6512697524782768	1.2649555944016813	0.14112941686856564	1.1412218437903239	1.1869725864873126	0.5468267653655654	1.2633043410633775	0.04807882965321595	0.06288060509315986	0.05924107770399175	0.0	0.1061093578102414	0.3574723011950401	0.07627088496060151	0.08456310420258975	0.13247428132241168	0.27816062536203223	0.42235496454210153	0.05376407587642828	0.4789997176953748	0.5237095529791018	0.48536020213904374	0.05882444147309389	0.03939964893396133	0.17332238831861316	0.3994182486124455	0.5490843579037384	0.5395670170546818	0.10178639203159047	0.053898839004470483	0.14634939216642395	0.18452043734683166	0.060711728709803625	0.08297188133340562	0.1464070641610961	0.06722572754973923	0.3871597482870765	0.5316786904473018	0.08187536787285031	0.06790224687071392	0.05227774578554528	0.07093653400200993	1.002210401505566	0.0949701067229114	0.0840116912473247	0.054399990286074666	0.07880057755078887	0.06052583962380686	0.5280785907048715	0.10749116275228236	0.05236393028787466	0.1693511132494304	0.05479146737929068	0.03839346757237766	0.05478659313307516	1.2309726992914094	0.47801073068755684	0.38600384683471634	0.04816356147694424	0.056443712797923075	0.2730801581424907	0.13459494693647484	0.07848284886047108	0.7359480503657295	0.17532614950570796	0.060328593417782905	0.19965281375263058	0.17603771940292612
ec1457	0.6510602894131349	1.2708552366345272	0.11095839020882772	1.1455658452299846	1.1868792187393233	0.5372710453108664	1.2692471901878914	0.1131806211353387	0.147240427823372	0.1527125613924117	0.1061093578102414	0.0	0.35413363302624756	0.11862374539344028	0.13232493839173343	0.14031298676512624	0.2923092850498731	0.35873024905096806	0.07345136370751086	0.434062888596096	0.5295780704471087	0.4918164392256471	0.14733986720663872	0.1177957120975274	0.13094808415500123	0.34716360774329424	0.5199018992865159	0.4783295576020134	0.1201108457569623	0.14360933606733264	0.09062180229167902	0.19684364877247265	0.06840929631957895	0.12822769651026253	0.20769028395299632	0.14654268372093765	0.32361668418005857	0.47673375830273435	0.10877569858386536	0.12131548174172056	0.14760428344351761	0.15885462556893284	1.009180122227439	0.13252505946446214	0.11620958265895485	0.14495756814028155	0.16587881813546823	0.1535204861256784	0.4918797125718909	0.17629972648218512	0.12931350733440786	0.18204822385888816	0.13934459876531033	0.13172106990012547	0.1204882114777755	1.229860628181279	0.42041084093882725	0.37596527925406975	0.1413244501514069	0.13951784799401093	0.1899447953859974	0.07151367856712086	0.0776879718275764	0.7445043936929046	0.10310991977762045	0.14877567479904474	0.13039074234546244	0.20093877469268454
ec1460	0.3654967509279232	1.2617065506578147	0.3159305536225636	1.1398278037742324	1.1443532145416953	0.3309288578439218	1.260098504211179	0.37606427166562534	0.39469107041051743	0.3951344757074372	0.3574723011950401	0.35413363302624756	0.0	0.3778269949549972	0.41618494827295	0.3862503422428646	0.35835298712059377	0.40608623582427944	0.34605178599166997	0.4779569522150793	0.5203556857817695	0.6326047914488913	0.38773939741771507	0.3508083520866601	0.3026047424116667	0.3841352676333108	0.5461961123782358	0.3338505756111469	0.33173519888619996	0.3908577794900603	0.30874694305286776	0.2851580634388323	0.3339027462579832	0.4143141330364961	0.45640897005349984	0.35630608332710473	0.3886917790581916	0.5093091905286959	0.3156658011556976	0.3985989356041498	0.38491385444218895	0.3920614322268073	0.9950890511701875	0.3604485958076925	0.3461507738243663	0.38284027761333	0.40213184638924404	0.3912404100606604	0.5626053798561063	0.4325078940503534	0.3760692974365473	0.4259290081303329	0.38560303648084426	0.3606232664051833	0.38659581875810495	1.1829706405557059	0.43817551296351004	0.26652724431763913	0.37633321093036043	0.382859455803495	0.29144735123709226	0.34468479379036954	0.3519617176325326	0.7544291769436996	0.32561945725739033	0.3889888743219675	0.30643834205847953	0.4641419926070195
ec1461	0.6301651293823611	1.256895991547452	0.1534809425688195	1.1315923297748771	1.1698949760839104	0.5603234810139742	1.2555282491997233	0.06701602297427497	0.0908832491367233	0.09839289454997391	0.07627088496060151	0.11862374539344028	0.3778269949549972	0.0	0.0870235027390049	0.14256305688140186	0.28932548622600945	0.4583932161048736	0.08052290744046425	0.5190629957729258	0.5363154849057323	0.47623705256338905	0.09642039411353853	0.05808438252965729	0.1775657481923644	0.43276417145204316	0.545247233046148	0.561483118128164	0.11084585704088257	0.08794777519019205	0.18577503030268516	0.20108838298197268	0.07458559941903442	0.09578593163247914	0.14411846708524384	0.08805530797014438	0.423205717898958	0.5266627760999363	0.10029174428850124	0.08308796725628667	0.09152381793382908	0.09543236408306953	0.9889298604834156	0.1020963499798822	0.08013269903928598	0.09829067630994907	0.11454756881835901	0.09879047829961239	0.5373262374692053	0.10053639552665411	0.0835772210546277	0.1643108217117812	0.08774399450720335	0.07734853422041219	0.08096601200076223	1.2039854791732525	0.5041476398553062	0.40379254048063784	0.08405551308986411	0.0887047873262304	0.28747044660201343	0.12835199897489905	0.08501452214015155	0.7168651442272787	0.19318450537517645	0.09998625023800344	0.22142997267373746	0.14725334564548084
ec1462	0.6815810804395541	1.283648597173271	0.18603342519552274	1.158330520780995	1.2069410105532392	0.5876494243908627	1.282644663137064	0.059970613072036466	0.04950073636274614	0.04209016620638076	0.08456310420258975	0.13232493839173343	0.41618494827295	0.0870235027390049	0.0	0.157302429671015	0.3110095438666445	0.48494966386997207	0.10654860583918707	0.5436670554638491	0.5490198047272479	0.5058270831849734	0.046946388196929194	0.10186904237543819	0.21406076945115884	0.4670715894452025	0.5914855439822053	0.5986342316822215	0.16177911671592737	0.038094861954900375	0.2123507181098639	0.23480028284680107	0.10915874303988887	0.01750183292492923	0.16161837714794527	0.11279483583088136	0.44778068271982663	0.5915149631142218	0.1444433597625904	0.03382544997677545	0.06009400027422965	0.07928096611180269	1.0211302699415234	0.1462674322770958	0.1422487339497983	0.04993794071728531	0.06813314057612851	0.040213858219609606	0.5761754377206227	0.10172311158172576	0.06311017532506341	0.2081452076722013	0.04603508956670806	0.08136752787115445	0.042157574946632914	1.2530386833564946	0.5363602166439145	0.43116733152888315	0.06461252122963318	0.053889176808427516	0.3113108722866966	0.15990305239484426	0.10552268365379239	0.7608283503613082	0.2182284891335733	0.0443867222991673	0.2498652280911154	0.18414488272800286
ec1463	0.6573676638459046	1.2677838767356717	0.16900383147101442	1.1424658004233958	1.187484503237272	0.5586635024368832	1.2661758302890362	0.1318146149657174	0.13767606105366856	0.13892614360565816	0.13247428132241168	0.14031298676512624	0.3862503422428646	0.14256305688140186	0.157302429671015	0.0	0.2248908417253847	0.4620284786861335	0.12428964354982944	0.5200143943649337	0.42066425243467553	0.4922523530612105	0.13879255371477195	0.12557564512915226	0.2061560360509977	0.43949232866541266	0.5786702751806704	0.5730559232580886	0.12139241439905468	0.1337207291005293	0.18602734384259711	0.17428910034054956	0.12456709144984626	0.15232285187110559	0.1997743477505279	0.15704716851259326	0.4273716756590191	0.5655253279339475	0.127602263770091	0.14133955690731168	0.148367721887396	0.15295699678884722	1.009218103143296	0.10799762719118544	0.14800904165327944	0.13549649026169955	0.16363942049310956	0.14405487570487605	0.5596381979126426	0.1798786341703051	0.1361047346172439	0.19589628995647831	0.13631049121680366	0.1416187082015791	0.13300201328760483	1.231981716547256	0.5162036770569145	0.4033514619815354	0.13639535763952282	0.13867607250668507	0.3041038034152258	0.1679137826444345	0.1222173804161384	0.7373549673326424	0.20996216984807226	0.13986362332066476	0.23346152766840914	0.21387185723955793
ec1468	0.6205909653607594	1.2318824868368374	0.2709659097638887	1.1101474031976915	1.1525620564117895	0.5213991903034211	1.2305147444891087	0.28658120219903477	0.26932129307960595	0.2862071350177914	0.27816062536203223	0.2923092850498731	0.35835298712059377	0.28932548622600945	0.3110095438666445	0.2248908417253847	0.0	0.4376025521813439	0.2796865629508806	0.4907688918886201	0.3985235807436308	0.5206127833773408	0.27829046826092635	0.2528031016303852	0.2799730532846669	0.4079110306772139	0.5584272197321349	0.5447774267249983	0.23116828200004932	0.28215835641190085	0.26242544465973827	0.2141313984628346	0.27986019455203187	0.30954353343325997	0.3480932534885568	0.2786746927585314	0.40334064901062894	0.532311484413126	0.2561955874243846	0.2965625384022348	0.2760526221610923	0.2697145555293802	0.9685983858843753	0.20933025837590052	0.27456535527931836	0.28603748334092793	0.283297124906004	0.2884838045470297	0.5401191450297504	0.3255803611508978	0.27799879746210077	0.34779483401450584	0.2787728716786543	0.2703638764223998	0.2909188413213682	1.1984070399599747	0.48749868515895	0.37314580501764794	0.2802313702988912	0.2756528761914761	0.2904004205493063	0.28455733296244856	0.28014238506251005	0.6999861480257139	0.26566908542823336	0.28260181815207064	0.25535716846112183	0.36462650300939164
ec1469	0.5789433238242155	1.2072282287768652	0.3480428468677604	1.081910152424589	1.1148657989107849	0.4542724035563454	1.2055769754385615	0.4341681315025453	0.4661570438005197	0.4680438534625124	0.42235496454210153	0.35873024905096806	0.40608623582427944	0.4583932161048736	0.48494966386997207	0.4620284786861335	0.4376025521813439	0.0	0.3949407204678803	0.14764012288656725	0.4657106183969983	0.7011526505803455	0.462113383200542	0.4322637053136339	0.3402136553541638	0.16947649547220583	0.5536146925381303	0.30344896330844845	0.42154270841854	0.46613828413277797	0.29464568818140396	0.4190956845510593	0.3940740837691016	0.4800945522340505	0.5313985057715145	0.44389136970330184	0.06542309538820236	0.27012576452312054	0.4178599089945778	0.4582423198491555	0.4612975566688871	0.4660649932236401	0.9844935773869423	0.4399379817623843	0.4229026726516556	0.46063048200335727	0.47252022628942075	0.4693579530400596	0.5986515596658046	0.5023685161090404	0.44655004271182114	0.504458395694205	0.45843590591573985	0.4430180309245477	0.45079594484284163	1.1513427375510625	0.10878035270449946	0.3935160876627523	0.45733709510474957	0.4586468004589454	0.238516532649238	0.3523449699473224	0.3869776520157556	0.8277544819764313	0.28558250605568714	0.4662561572114817	0.2688935051307985	0.5300428506868352
ec1470	0.6414215318772959	1.2603516011625324	0.10575735095841227	1.1350335246902565	1.1778655140795045	0.5298327870142309	1.258743554715897	0.06757436504479582	0.09461377051250708	0.09821873542611861	0.05376407587642828	0.07345136370751086	0.34605178599166997	0.08052290744046425	0.10654860583918707	0.12428964354982944	0.2796865629508806	0.3949407204678803	0.0	0.462740632649666	0.5195617865875597	0.4752000215076964	0.09458606746986524	0.06454787174894747	0.13278372380540376	0.3836797101494972	0.5182890554013093	0.5122825518010414	0.09872228668756453	0.09133091785114328	0.11992577093353032	0.18305191772341065	0.04011330411838389	0.10514161231207259	0.15284965912831155	0.09584940864550048	0.358985447877019	0.5093884211857529	0.07873654512062646	0.08381891446968481	0.09571674493503024	0.10703969521827686	0.996873201856331	0.09583591134923264	0.07386302825698404	0.09379509136903602	0.11631777833151533	0.09764731212826425	0.4954248326343197	0.12487947194503296	0.077288035274589	0.16005339019465858	0.08522009005362013	0.07711622501509924	0.07228885596214714	1.2183465634831208	0.45460096615142703	0.3707829488355922	0.08953915456307891	0.08642135178776586	0.23588220832918494	0.09339315683144497	0.0517103949283234	0.7291645992845588	0.14220022817038866	0.09655610533586233	0.16481656111270193	0.15591105694002735
ec1471	0.5831221764945587	1.181023750993545	0.45310801342018975	1.1180291788588395	1.1022829478762084	0.46219454174703983	1.1794157045469096	0.5045302923833751	0.5224411983849883	0.5241476996867366	0.4789997176953748	0.434062888596096	0.4779569522150793	0.5190629957729258	0.5436670554638491	0.5200143943649337	0.4907688918886201	0.14764012288656725	0.462740632649666	0.0	0.43975395908367937	0.760435128408731	0.5202654836353695	0.48659840431723306	0.4417388671191648	0.2406672814344375	0.6439383948888234	0.3367514339410165	0.4854114341051927	0.5223903326101458	0.3801524936905225	0.4929475235703167	0.4614684209237387	0.5388647622202094	0.5901899526411039	0.5087869113648515	0.17956434425962578	0.3635046486964865	0.47733929569118033	0.5210127818256977	0.5152205925661523	0.5197019409039687	1.0413300429126544	0.4930465967223428	0.480941348043112	0.5146660655530828	0.5245974060228263	0.5233976152028775	0.6670830749591437	0.5608592393081633	0.5079713049712344	0.5632620721467122	0.5158555723164673	0.498380856926872	0.5108128676607556	1.1486455160957307	0.13141664999379987	0.474780790639286	0.5113406651148553	0.5146413045193994	0.33162231785573587	0.44549920972050266	0.4774709276940203	0.8856969676206777	0.3540704921214985	0.5248004451580174	0.36761845959958744	0.5910765824276143
ec1479	0.5859817437546204	1.1695080352282408	0.5130049798928409	1.1080398995341816	1.0953421052226477	0.48094643100886636	1.1687667076079316	0.5287919193334549	0.5281705872986842	0.5252613702189255	0.5237095529791018	0.5295780704471087	0.5203556857817695	0.5363154849057323	0.5490198047272479	0.42066425243467553	0.3985235807436308	0.4657106183969983	0.5195617865875597	0.43975395908367937	0.0	0.7658630141055323	0.5281824868003421	0.5099578850571322	0.5188798204700523	0.4295779468859966	0.7118198701316174	0.5138436281611293	0.49885991779027705	0.5295786111907864	0.5013771465296837	0.4797786833205888	0.5198380993384781	0.5474639594532316	0.5923373280459822	0.5303037220892898	0.4656224083823163	0.587563590463421	0.5119832975612181	0.5370002361769166	0.5317812810780832	0.5275519050164308	1.0350556375240239	0.4832944282064264	0.5282920415297873	0.5256358938097871	0.5358007278648342	0.5315934704641666	0.7282941144119857	0.5704305640491623	0.5278112841331991	0.591736204423543	0.529796426283236	0.5261894126691289	0.5320539868912374	1.1486467736890251	0.4563388880750983	0.5077112466592647	0.5238624762361361	0.5311325155817841	0.4961946655890289	0.5214628940634031	0.5202021311267856	0.8793957222319344	0.5039331951875385	0.5298024466200527	0.4928699303938344	0.6071726763891144
ec1489	0.8080201276547212	0.7985204137697677	0.4674323093940973	0.6731202415726396	0.7190604667308748	0.7962348442617048	0.7970555916134895	0.48433873208997164	0.4885812911216255	0.49642584713698834	0.48536020213904374	0.4918164392256471	0.6326047914488913	0.47623705256338905	0.5058270831849734	0.4922523530612105	0.5206127833773408	0.7011526505803455	0.4752000215076964	0.760435128408731	0.7658630141055323	0.0	0.4857397943174826	0.47935888044011876	0.46048940915298797	0.6798425121923692	0.18946429268683812	0.8056712492029429	0.47972521919013733	0.49146534270551534	0.4592684352197889	0.4713690486872028	0.48478449128498435	0.5116035840904652	0.44531295426829276	0.49273016060201125	0.6665262327118989	0.6163195991373086	0.4718426829910803	0.49165119596522605	0.4911182365929052	0.49409857366248067	0.532586461714815	0.47986916758829085	0.4629479703635254	0.49424792736413276	0.5002268628363089	0.4950513761565135	0.4872417887605676	0.41180323094618465	0.4821784104092363	0.4396517656678822	0.4851964242315734	0.48462427902876437	0.4904295909880665	0.8555469915059908	0.7557261459574507	0.6361099534859067	0.49237362045790056	0.48502538573924264	0.552923178140716	0.4599097828562117	0.47715203806336315	0.2709293056360315	0.46234322273882417	0.48933384314273953	0.47345531761163867	0.3348645575099148
ec1490	0.6613646532893532	1.2694240273048312	0.17086988649650167	1.1441059509925553	1.1890520499390655	0.5600073417392131	1.2677727739665272	0.05688970674645792	0.02001700643283195	0.025611050676014508	0.05882444147309389	0.14733986720663872	0.38773939741771507	0.09642039411353853	0.046946388196929194	0.13879255371477195	0.27829046826092635	0.462113383200542	0.09458606746986524	0.5202654836353695	0.5281824868003421	0.4857397943174826	0.0	0.0719571576088113	0.2130820931091419	0.440640023392089	0.5857189529800044	0.5778044726078685	0.12486597127769722	0.01699855702800593	0.18695441072155672	0.20420423076313257	0.0988690493203336	0.04466446365896169	0.14824537105122765	0.07864860422183036	0.42742867977349275	0.5705257336907722	0.10747427870382556	0.03873264826933019	0.02896264172689318	0.044448705883728	1.0041492493194069	0.11281871971496167	0.11499225920112491	0.026925913204347365	0.03653735979449411	0.025121269992983822	0.5684263220117008	0.09352665890777045	0.03375161779125121	0.19555311256500743	0.017128127314376147	0.04530693027299842	0.03147059334747442	1.2357119417738291	0.5169043074655317	0.40174440183661947	0.03983638022673639	0.027553741404182805	0.31060474164576485	0.17569636767253727	0.10389192067535083	0.7376023454101498	0.21565360900348943	0.016978954885543986	0.2378672081205202	0.18477947756506294
ec1492	0.6479622221780121	1.2611619306858364	0.14527626129176124	1.1382440730506658	1.1822751825232904	0.5451096309877455	1.2597941883381074	0.06586626325661775	0.06707173679663228	0.07541289234398874	0.03939964893396133	0.1177957120975274	0.3508083520866601	0.05808438252965729	0.10186904237543819	0.12557564512915226	0.2528031016303852	0.4322637053136339	0.06454787174894747	0.48659840431723306	0.5099578850571322	0.47935888044011876	0.0719571576088113	0.0	0.183299652725251	0.3982236310410488	0.5581619546836925	0.5465356513676998	0.06846869022637975	0.07039170397249114	0.16015657817172377	0.16397652846183725	0.058741656471537715	0.10268426491699814	0.14299400994229536	0.06628179123775854	0.39801161003124363	0.5311503416683586	0.06689067230876923	0.08615291693819255	0.054139714406678155	0.06693157402689874	0.9972601663098495	0.06494706613044054	0.07565282552678963	0.07463525999561342	0.08493263301354292	0.07782441417109405	0.5384048436310278	0.12090260190556835	0.06739472193506366	0.16251762591689534	0.06531154853584002	0.04157598711944058	0.07616769267848933	1.2245345560004395	0.48358088031809815	0.38666546660350176	0.06029740683697514	0.06680670688001211	0.2818659731040252	0.14394044370148865	0.08556260250624405	0.7239349009985395	0.18668067196557658	0.07531419890652422	0.21019819349313346	0.17445455245866257
ec1493	0.5880979156222422	1.2464030037335896	0.08106383435456316	1.1210849272613135	1.157400567043856	0.4858908761628404	1.244751750395286	0.1742360182365528	0.21253140915372118	0.2196822583147879	0.17332238831861316	0.13094808415500123	0.3026047424116667	0.1775657481923644	0.21406076945115884	0.2061560360509977	0.2799730532846669	0.3402136553541638	0.13278372380540376	0.4417388671191648	0.5188798204700523	0.46048940915298797	0.2130820931091419	0.183299652725251	0.0	0.3611935467101486	0.4477519104486444	0.43779170013350704	0.18031710545806867	0.2113376596715786	0.09217729305733764	0.1584482213026725	0.145727846694881	0.21791246865982702	0.26445050330752873	0.20360027966497363	0.3012072455557293	0.47001616350912856	0.1680503938111396	0.1953640573788733	0.21298806075326962	0.22382096246051053	0.9799424679407086	0.1963053225946676	0.1642651734885222	0.2120196501409029	0.23135126960428462	0.21678985430154996	0.4755543128082833	0.2273808334366568	0.1947827834655956	0.23672941860781918	0.20474445291013235	0.19681643135594482	0.1904949798457083	1.1917754342512954	0.4186661436277061	0.33477936207108594	0.2086666586750331	0.20406848362955882	0.1918118534443273	0.07307422813102106	0.12543477330710287	0.7183824744457303	0.11669975928908027	0.2159791709597791	0.09749620860936434	0.25292388217309897
ec1495	0.563635290881802	1.1685795672600274	0.37536287645259087	1.0448888725126735	1.0876226471020942	0.442328519145477	1.1669283139217235	0.4299691295826067	0.4431301472758132	0.44612251798992075	0.3994182486124455	0.34716360774329424	0.3841352676333108	0.43276417145204316	0.4670715894452025	0.43949232866541266	0.4079110306772139	0.16947649547220583	0.3836797101494972	0.2406672814344375	0.4295779468859966	0.6798425121923692	0.440640023392089	0.3982236310410488	0.3611935467101486	0.0	0.5600648229705079	0.29109583060190247	0.39535812940308374	0.4428788546587909	0.29601646967995315	0.389065181967996	0.3691796176196946	0.46316560963102693	0.509632027306602	0.4265864945274101	0.16872485586872957	0.29547778095318705	0.3913375854965364	0.44849699941463705	0.43328424957458056	0.4394395752476761	0.959478443568475	0.40826316231228804	0.39562841334834753	0.43865600169171026	0.44616333352636617	0.44506580279609675	0.5760646277182102	0.48368418526347323	0.428997937100818	0.4747111324144261	0.43525694901531087	0.41042100896358413	0.4353482893998545	1.1309735187269765	0.18829993387572685	0.3854751579149335	0.4310068275930057	0.43758430108828433	0.2469075125534468	0.36583033690847594	0.4029558134339071	0.7975765743414787	0.28150686119151236	0.4457351011886239	0.2833706976080472	0.5146856104748796
ec1497	0.7403076074210293	0.8221902524488209	0.4638347844470997	0.6965939216738439	0.742204356323028	0.714958057252975	0.8201295772538475	0.5533735718508445	0.5857768204193987	0.592097756690297	0.5490843579037384	0.5199018992865159	0.5461961123782358	0.545247233046148	0.5914855439822053	0.5786702751806704	0.5584272197321349	0.5536146925381303	0.5182890554013093	0.6439383948888234	0.7118198701316174	0.18946429268683812	0.5857189529800044	0.5581619546836925	0.4477519104486444	0.5600648229705079	0.0	0.67631998071294	0.5589497115542552	0.585547421238841	0.47545592773898315	0.5553732460424166	0.531293739859525	0.5941699520689455	0.5392376192102085	0.5813035432451518	0.5020625688196236	0.49753018484013506	0.5459694330214082	0.5719098380802661	0.5850170462607257	0.5925775668611042	0.5610510425635187	0.5643127105898268	0.5302384159293783	0.5844580887774926	0.5994177406511891	0.5889753054624759	0.4481621551094925	0.5019563236830233	0.5692830071245967	0.5098365431360505	0.5775868723978471	0.5673847100078412	0.564320544032064	0.8643083222366572	0.6334410887209992	0.5518212807019865	0.581575386102949	0.5779801114663349	0.4611151764794533	0.45311644679774665	0.5037294031916235	0.31484926807976704	0.48184620015478963	0.5898883770894446	0.4215908643041911	0.4159233439056511
ec1498	0.3966592192897868	1.248466870283485	0.47307208671089385	1.170124188093978	1.1247560162717238	0.36865011127215974	1.2468588238368492	0.5522411577867621	0.5823632199210405	0.5844732247596687	0.5395670170546818	0.4783295576020134	0.3338505756111469	0.561483118128164	0.5986342316822215	0.5730559232580886	0.5447774267249983	0.30344896330844845	0.5122825518010414	0.3367514339410165	0.5138436281611293	0.8056712492029429	0.5778044726078685	0.5465356513676998	0.43779170013350704	0.29109583060190247	0.67631998071294	0.0	0.5267392886528698	0.5808019617794301	0.4094893424889857	0.4564218845608639	0.5114460144926428	0.600268217757494	0.6403728063262348	0.5428521962630779	0.32002847083068	0.43500245492834333	0.5092550941214566	0.579337192126034	0.5767119341605473	0.5787888840275349	1.0822843938260491	0.5509868262332142	0.5236493071428805	0.5735894475744588	0.586725089678376	0.5818292492728537	0.7053450248991847	0.6107536519014651	0.558818743170166	0.61491253459036	0.5772160749183793	0.5599426936421065	0.571227827930675	1.1606653327256873	0.2791229994131159	0.440188624666649	0.5698824307741803	0.5694174078823904	0.3176522932031023	0.4778169397319583	0.5216456035274745	0.9285663342880737	0.40579841014600987	0.5794761348362502	0.39380030915936354	0.6386652044543984
ec1499	0.6264823038287177	1.2616243753420846	0.1331775614795599	1.1397741170588476	1.1668008686582305	0.5204517916416161	1.260016328895449	0.12082463218554339	0.11606346543744951	0.1371269459471867	0.10178639203159047	0.1201108457569623	0.33173519888619996	0.11084585704088257	0.16177911671592737	0.12139241439905468	0.23116828200004932	0.42154270841854	0.09872228668756453	0.4854114341051927	0.49885991779027705	0.47972521919013733	0.12486597127769722	0.06846869022637975	0.18031710545806867	0.39535812940308374	0.5589497115542552	0.5267392886528698	0.0	0.13003878301954827	0.15987465972462364	0.13697224909396594	0.08806603073413459	0.1613942729171696	0.1989233328899429	0.08765827358637057	0.39784590733546055	0.5151425810859863	0.062447454108347414	0.14395843255384425	0.11131993945273481	0.1017572366894824	0.992640092780521	0.04715920464356022	0.08185478530054846	0.13542088538707286	0.12095191396658103	0.1392524094826788	0.5390590688411601	0.17630887131543257	0.11374609297683955	0.16968120606816864	0.12238646800785703	0.08945283250167799	0.13508026654425193	1.2078444688115388	0.4685733851932527	0.36642128785232353	0.11845899336467428	0.11875079408154035	0.2708176840412351	0.14915680875335088	0.11007583044037339	0.7235223933878686	0.18596365593595385	0.13140250454861377	0.20975079605001742	0.21133350116527932
ec1500	0.6656177147489708	1.2720947545093306	0.16993851413356645	1.1478550074390705	1.1911451780829136	0.5657148510091846	1.2707270121616019	0.048625522881471345	0.018535522798785495	0.02023457013002196	0.053898839004470483	0.14360933606733264	0.3908577794900603	0.08794777519019205	0.038094861954900375	0.1337207291005293	0.28215835641190085	0.46613828413277797	0.09133091785114328	0.5223903326101458	0.5295786111907864	0.49146534270551534	0.01699855702800593	0.07039170397249114	0.2113376596715786	0.4428788546587909	0.585547421238841	0.5808019617794301	0.13003878301954827	0.0	0.18936460133011424	0.20639958882634307	0.09366726180151329	0.037454746065060406	0.1456698995640447	0.0844344196763869	0.4309591746065119	0.5719777110797422	0.11240047533622963	0.03420905129916109	0.030141004598625787	0.04814309918140312	1.0082125326789333	0.11605528090758047	0.11952663352158722	0.024446481218868818	0.04028673000490674	0.022079008754087918	0.5666795460519128	0.09239265293418795	0.03515442897171691	0.19008775009615192	0.017271130369021278	0.0497480260987696	0.02776995734009622	1.2383332246193	0.5193583788772774	0.40925662838505966	0.03566656041085308	0.026721992185572124	0.308569703310557	0.17102618601635913	0.09938663167171019	0.7396515354261133	0.21428831523812567	0.01749814301474524	0.23637523097458193	0.17998081400390065
ec1501	0.6142931206055212	1.2430460954180205	0.10183872967913861	1.1177280189457448	1.1533935699160491	0.49617628142781417	1.2414380489713848	0.15954856285844082	0.19366508583765082	0.19198894291548063	0.14634939216642395	0.09062180229167902	0.30874694305286776	0.18577503030268516	0.2123507181098639	0.18602734384259711	0.26242544465973827	0.29464568818140396	0.11992577093353032	0.3801524936905225	0.5013771465296837	0.4592684352197889	0.18695441072155672	0.16015657817172377	0.09217729305733764	0.29601646967995315	0.47545592773898315	0.4094893424889857	0.15987465972462364	0.18936460133011424	0.0	0.15827903121098363	0.1219752420028957	0.2059407015469448	0.2561524795898366	0.1859740874850343	0.2633409550764695	0.420568318092675	0.14162206980605968	0.18401360854551574	0.18974974856687143	0.2025414543082043	0.9787355615085205	0.17618143972852493	0.15688767096417164	0.18356417530736097	0.21087819791348902	0.19339191092471217	0.47129518947214366	0.2300318537610347	0.17405857824247886	0.23141034941551852	0.18391747073210604	0.1703373989819738	0.17472345907246342	1.188259913090352	0.3645821063221756	0.330023613947505	0.17927815402260103	0.1826498586681	0.1396754998063955	0.09663678922665835	0.12639629719729834	0.7135877302775882	0.06660624807677808	0.1877130728865649	0.08034620289025099	0.2583046913854456
ec1502	0.5688074088522864	1.2554412550253162	0.14917449337892502	1.132913956829667	1.1589636988559822	0.46262303200125154	1.2538332085786807	0.18922429367686638	0.20004742674084366	0.2106173305633015	0.18452043734683166	0.19684364877247265	0.2851580634388323	0.20108838298197268	0.23480028284680107	0.17428910034054956	0.2141313984628346	0.4190956845510593	0.18305191772341065	0.4929475235703167	0.4797786833205888	0.4713690486872028	0.20420423076313257	0.16397652846183725	0.1584482213026725	0.389065181967996	0.5553732460424166	0.4564218845608639	0.13697224909396594	0.20639958882634307	0.15827903121098363	0.0	0.18115287120920381	0.23590591103523456	0.2718377818270358	0.1868625702526827	0.4028585955607445	0.5153897679977008	0.15636098729956593	0.2179609778828132	0.19749587491234022	0.19981162881398265	0.9852785180409187	0.1352929159872887	0.18395666835614166	0.20812308672970203	0.2163606097032329	0.21389639900521248	0.5391858219305762	0.25141140968627695	0.19000704426584153	0.2548433964538403	0.20074984702956747	0.18938601350631698	0.20545776460397008	1.1931186971054248	0.4443659524534897	0.3164135042417149	0.19867235840286518	0.1943519268486765	0.25886883369081226	0.18849594167991	0.18234511803873632	0.7192633488724997	0.1915434097655558	0.2063190167867014	0.20806857878440052	0.2841851475254292
ec1503	0.6397308091219234	1.2616677737195983	0.1162781599303703	1.1363641121070236	1.1766557271481466	0.5295935723214018	1.2600597272729626	0.07094863322549536	0.09800147898345649	0.10336602680270363	0.060711728709803625	0.06840929631957895	0.3339027462579832	0.07458559941903442	0.10915874303988887	0.12456709144984626	0.27986019455203187	0.3940740837691016	0.04011330411838389	0.4614684209237387	0.5198380993384781	0.48478449128498435	0.0988690493203336	0.058741656471537715	0.145727846694881	0.3691796176196946	0.531293739859525	0.5114460144926428	0.08806603073413459	0.09366726180151329	0.1219752420028957	0.18115287120920381	0.0	0.10481527246479078	0.16323962270781153	0.0907645180324835	0.3642059144197265	0.5072049189648332	0.07124086264607594	0.09523446204505501	0.09428825203187476	0.10680048333976033	0.9990882545411156	0.08980747337761362	0.06939909083287635	0.09599551573854441	0.11542386623201756	0.10320019365023046	0.5020945841132358	0.13662222497579044	0.08203453606979404	0.1550676982702313	0.08854665174690289	0.07337702701044731	0.08412655030245011	1.2202495772768613	0.44821348846063636	0.3693995038325191	0.08827882766585508	0.09043779942258003	0.23680482099515066	0.1044453135627313	0.05409503914974479	0.7311247770898032	0.1443977673644939	0.10094259884752264	0.16499348624864815	0.16173964446474234
ec1505	0.6853822456390886	1.2887337513630974	0.18400586310400616	1.1634156764708217	1.2094461327120603	0.5842322387930045	1.2870824980247935	0.05994262504315157	0.0479185929520531	0.03989028287953495	0.08297188133340562	0.12822769651026253	0.4143141330364961	0.09578593163247914	0.01750183292492923	0.15232285187110559	0.30954353343325997	0.4800945522340505	0.10514161231207259	0.5388647622202094	0.5474639594532316	0.5116035840904652	0.04466446365896169	0.10268426491699814	0.21791246865982702	0.46316560963102693	0.5941699520689455	0.600268217757494	0.1613942729171696	0.037454746065060406	0.2059407015469448	0.23590591103523456	0.10481527246479078	0.0	0.16539712980507404	0.11101866797237728	0.44311675522488814	0.5972728716696338	0.14241717015367938	0.030428387092141122	0.06139107285936672	0.07759977969375435	1.0290616852357948	0.1436322065583982	0.14859029144511307	0.04411498039302405	0.06613613793555113	0.040150589824127635	0.5795247741443535	0.10464276167151279	0.05876649651274994	0.21210851971260286	0.04235875665158241	0.07800563155843292	0.0367014640534482	1.2567742325555917	0.5404560236609204	0.42748104747121535	0.06225047818912527	0.05195118375169653	0.30892927735606457	0.16232118507466478	0.10079617893416612	0.7657301437006956	0.2142339037592254	0.04238348037069396	0.2505038604231581	0.18827044341473562
ec1507	0.6741955347620734	1.2276537215200403	0.23077972133646266	1.1023356450477642	1.1498639785825424	0.6290034328667159	1.2262081217152103	0.1431734402607967	0.14859503365701215	0.15576739208969337	0.1464070641610961	0.20769028395299632	0.45640897005349984	0.14411846708524384	0.16161837714794527	0.1997743477505279	0.3480932534885568	0.5313985057715145	0.15284965912831155	0.5901899526411039	0.5923373280459822	0.44531295426829276	0.14824537105122765	0.14299400994229536	0.26445050330752873	0.509632027306602	0.5392376192102085	0.6403728063262348	0.1989233328899429	0.1456698995640447	0.2561524795898366	0.2718377818270358	0.16323962270781153	0.16539712980507404	0.0	0.16385016932789215	0.4944203236662564	0.441969250461322	0.17932797974136477	0.15176955518688467	0.15620573969172563	0.16582832271954756	0.9640644078663354	0.18341786657738934	0.17538154373130513	0.15486988797413145	0.17244793023316243	0.15879551884644838	0.4317081347343304	0.137619204934464	0.14710064446565138	0.06567896806000145	0.1447402632060058	0.15094467862702446	0.14668126560455735	1.197635894847259	0.5828019413683371	0.47021307194451684	0.15375339520084674	0.14610301602759157	0.37000450672701807	0.22412885484647704	0.16375116837569562	0.7001030189176047	0.2757214854040168	0.1469156624311333	0.2989829961939972	0.14162850800623708
ec1508	0.6303042388338345	1.2703942543608167	0.15471844865351894	1.1488472161351586	1.1712638042552845	0.5336551808401022	1.2687430010225131	0.07643089889500208	0.07346403029249293	0.09287760383293595	0.06722572754973923	0.14654268372093765	0.35630608332710473	0.08805530797014438	0.11279483583088136	0.15704716851259326	0.2786746927585314	0.44389136970330184	0.09584940864550048	0.5087869113648515	0.5303037220892898	0.49273016060201125	0.07864860422183036	0.06628179123775854	0.20360027966497363	0.4265864945274101	0.5813035432451518	0.5428521962630779	0.08765827358637057	0.0844344196763869	0.1859740874850343	0.1868625702526827	0.0907645180324835	0.11101866797237728	0.16385016932789215	0.0	0.4224583116387333	0.5470474477669165	0.0824078971965388	0.09391177664248218	0.06431219865870536	0.048154765648386194	1.0029734773203929	0.07835091319338036	0.0860662855861227	0.08523787226704033	0.05770509568672381	0.08819422398752823	0.5632768738452577	0.1246245109485598	0.0635397382395048	0.19092395464506448	0.07385014536416125	0.05166758703431471	0.0854520050719407	1.2102504794265725	0.48792951496171305	0.3813229178910761	0.07579083601689059	0.0693140593776903	0.292879802158798	0.1748797641508585	0.10681004043930156	0.7440774991306466	0.21432626287628564	0.08207837638065867	0.23458357380562053	0.1929450015874907
ec1509	0.5958414790252393	1.2068922002921818	0.3141274961292112	1.0815741244799062	1.1266097765409588	0.47105429800959553	1.2052841538455463	0.40203891103856226	0.4310829790372259	0.4338443664839555	0.3871597482870765	0.32361668418005857	0.3886917790581916	0.423205717898958	0.44778068271982663	0.4273716756590191	0.40334064901062894	0.06542309538820236	0.358985447877019	0.17956434425962578	0.4656224083823163	0.6665262327118989	0.42742867977349275	0.39801161003124363	0.3012072455557293	0.16872485586872957	0.5020625688196236	0.32002847083068	0.39784590733546055	0.4309591746065119	0.2633409550764695	0.4028585955607445	0.3642059144197265	0.44311675522488814	0.4944203236662564	0.4224583116387333	0.0	0.2470377900750219	0.38966018173286676	0.4209775948198433	0.4265434149594371	0.4321494972008403	0.9550242479700125	0.40569532006703535	0.389563080064845	0.4259441419465848	0.43852372220664354	0.434572970582325	0.5618583792289763	0.46554657179549697	0.41476828046961334	0.4677214188435905	0.4228578781122916	0.4089567642293611	0.4134651702108286	1.1664652880452056	0.1500404799527931	0.3740753625570007	0.42337771702497273	0.4231068200920886	0.21823063047602348	0.3102154262760782	0.35298466712999177	0.7927544101478254	0.25675957374461894	0.43371087651608753	0.22127395192667484	0.4932017803026284
ec1510	0.611929837282505	1.1371856529615196	0.4920203167482948	1.0150459421974807	1.042112449807833	0.5878869994242686	1.1355776065148842	0.5552576618875943	0.5691624787688436	0.5744572908135726	0.5316786904473018	0.47673375830273435	0.5093091905286959	0.5266627760999363	0.5915149631142218	0.5655253279339475	0.532311484413126	0.27012576452312054	0.5093884211857529	0.3635046486964865	0.587563590463421	0.6163195991373086	0.5705257336907722	0.5311503416683586	0.47001616350912856	0.29547778095318705	0.49753018484013506	0.43500245492834333	0.5151425810859863	0.5719777110797422	0.420568318092675	0.5153897679977008	0.5072049189648332	0.5972728716696338	0.441969250461322	0.5470474477669165	0.2470377900750219	0.0	0.5114240078758324	0.5810601956824223	0.5686338570263357	0.5641209662735156	0.8852124303212896	0.5369539420598368	0.4940392364277163	0.5691241970869433	0.5786960536526145	0.5743764582471313	0.41827208099881297	0.5371903473805002	0.5552345694993076	0.418668706838194	0.569173430661831	0.5514128578072252	0.5680264206522678	1.0654483557547534	0.30004077788793837	0.5079016427748106	0.5612219537823491	0.5694338227889272	0.37350864362054353	0.47643667627718056	0.5318053813745727	0.7268849530503906	0.4110693362635075	0.5730878816251296	0.40476480827481137	0.515986912549382
ec1511	0.6093963819669874	1.2540067610013692	0.12395568207408729	1.1320702234219568	1.1556302663319806	0.5082149601918811	1.2523555076630655	0.10260880203878865	0.1062025588724656	0.11903308817231775	0.08187536787285031	0.10877569858386536	0.3156658011556976	0.10029174428850124	0.1444433597625904	0.127602263770091	0.2561955874243846	0.4178599089945778	0.07873654512062646	0.47733929569118033	0.5119832975612181	0.4718426829910803	0.10747427870382556	0.06689067230876923	0.1680503938111396	0.3913375854965364	0.5459694330214082	0.5092550941214566	0.062447454108347414	0.11240047533622963	0.14162206980605968	0.15636098729956593	0.07124086264607594	0.14241717015367938	0.17932797974136477	0.0824078971965388	0.38966018173286676	0.5114240078758324	0.0	0.12524345497725822	0.09783649479919518	0.10571976309370883	0.9854540992915153	0.07683309109003819	0.07317844706351473	0.1120734552472973	0.11978900592993089	0.11790644403663442	0.5271057267578185	0.15601500978143762	0.09275509654406777	0.15841369122622945	0.10478096765832996	0.07754108366874041	0.11286205185712976	1.1936735159256857	0.4587211865948369	0.34977993699744014	0.10094250103467432	0.10018658574343982	0.25797109961297277	0.13519005748705673	0.08744491223205306	0.7196887643752125	0.1727476624775111	0.11008284632995832	0.19535652193548367	0.1917385133143854
ec1513	0.6702923114289744	1.2782700280867823	0.15803431832039425	1.1529519517345064	1.1983326518634363	0.5660955523482912	1.2766619816401468	0.03654967647345708	0.03938633352022451	0.042501057033477674	0.06790224687071392	0.12131548174172056	0.3985989356041498	0.08308796725628667	0.03382544997677545	0.14133955690731168	0.2965625384022348	0.4582423198491555	0.08381891446968481	0.5210127818256977	0.5370002361769166	0.49165119596522605	0.03873264826933019	0.08615291693819255	0.1953640573788733	0.44849699941463705	0.5719098380802661	0.579337192126034	0.14395843255384425	0.03420905129916109	0.18401360854551574	0.2179609778828132	0.09523446204505501	0.030428387092141122	0.15176955518688467	0.09391177664248218	0.4209775948198433	0.5810601956824223	0.12524345497725822	0.0	0.04480413309506558	0.06179211671950968	1.015896675993153	0.12711493325421308	0.1311036462485884	0.038890877656578685	0.06116963502584393	0.04334712685161456	0.5636244233885589	0.08772577035639945	0.04097509832833385	0.1949832494514222	0.030833215753938818	0.060251560603546	0.01661167427915639	1.2381737487279822	0.5260376971108016	0.4035161544808253	0.05027716056393471	0.033976820637815354	0.2868132217788957	0.14655016637595342	0.07641655037853559	0.75188727544284	0.19508563686008798	0.03946922780746214	0.22839757261014507	0.16772259517479218
ec1514	0.666193766924017	1.273051072987949	0.17287441644233859	1.150062260576054	1.1955820283435339	0.564151597991358	1.2716833306402202	0.055729793599187206	0.023503821871931323	0.03889871934961608	0.05227774578554528	0.14760428344351761	0.38491385444218895	0.09152381793382908	0.06009400027422965	0.148367721887396	0.2760526221610923	0.4612975566688871	0.09571674493503024	0.5152205925661523	0.5317812810780832	0.4911182365929052	0.02896264172689318	0.054139714406678155	0.21298806075326962	0.43328424957458056	0.5850170462607257	0.5767119341605473	0.11131993945273481	0.030141004598625787	0.18974974856687143	0.19749587491234022	0.09428825203187476	0.06139107285936672	0.15620573969172563	0.06431219865870536	0.4265434149594371	0.5686338570263357	0.09783649479919518	0.04480413309506558	0.0	0.03300649985388884	1.0090505745625604	0.09554936007949746	0.10207484270619221	0.03448257456262539	0.035248480148252256	0.03684076758504991	0.5675335775040998	0.09988122531874934	0.034384501800910586	0.18857783113576468	0.022291611494512285	0.031103861714201545	0.035027938175573994	1.2398224452465378	0.5139351195736428	0.40597091348351283	0.035359863169715275	0.022326922727420137	0.31259746268217636	0.17510488604631527	0.10546906692233575	0.7441674884206962	0.2160732024878188	0.033152603058198005	0.23917012219231612	0.18826988596713343
ec1515	0.6655026684371097	1.2742134371040983	0.17799516414973326	1.1521470738328523	1.194420587147711	0.5643709447731182	1.2728456947563696	0.06974124385295566	0.032528205010053726	0.054421555189198584	0.07093653400200993	0.15885462556893284	0.3920614322268073	0.09543236408306953	0.07928096611180269	0.15295699678884722	0.2697145555293802	0.4660649932236401	0.10703969521827686	0.5197019409039687	0.5275519050164308	0.49409857366248067	0.044448705883728	0.06693157402689874	0.22382096246051053	0.4394395752476761	0.5925775668611042	0.5787888840275349	0.1017572366894824	0.04814309918140312	0.2025414543082043	0.19981162881398265	0.10680048333976033	0.07759977969375435	0.16582832271954756	0.048154765648386194	0.4321494972008403	0.5641209662735156	0.10571976309370883	0.06179211671950968	0.03300649985388884	0.0	1.0104835147874602	0.08009428555281439	0.10045906650814793	0.05239416554907204	0.02171061982953746	0.05522982757808673	0.5759901653800238	0.10738462510375463	0.0413483102647091	0.20456138455947404	0.03886669975928904	0.04224545329543271	0.05319061534042728	1.237443879336898	0.5166514515280686	0.4080580198035461	0.045625193265731265	0.038171838486562776	0.31919293524275716	0.18499293191374835	0.11712164242974099	0.7403847149013842	0.2269243573415429	0.05030177680571984	0.24907989474290937	0.19817157216864928
ec1516	1.0742980661739008	0.2835702345968523	0.9864389302537238	0.16152662174277904	0.19962178643578493	1.0678261949153733	0.28014716115166094	1.0038251959596907	1.0088312669876747	1.0110543230202313	1.002210401505566	1.009180122227439	0.9950890511701875	0.9889298604834156	1.0211302699415234	1.009218103143296	0.9685983858843753	0.9844935773869423	0.996873201856331	1.0413300429126544	1.0350556375240239	0.532586461714815	1.0041492493194069	0.9972601663098495	0.9799424679407086	0.959478443568475	0.5610510425635187	1.0822843938260491	0.992640092780521	1.0082125326789333	0.9787355615085205	0.9852785180409187	0.9990882545411156	1.0290616852357948	0.9640644078663354	1.0029734773203929	0.9550242479700125	0.8852124303212896	0.9854540992915153	1.015896675993153	1.0090505745625604	1.0104835147874602	0.0	0.9959971815705192	0.9776153358303276	1.0082426931963184	1.0141338169565814	1.0081422522023749	0.8322446467792732	0.9333981255513383	1.001263713456441	0.9606398905633996	1.0070585309562572	1.0034052926871229	1.0115352668058688	0.43769771477470143	1.0272203584079749	0.9796633312753669	1.0071701144164051	1.0068018759085524	0.9746593689345757	0.9825129064443288	0.9985039417008582	0.2884608408432129	0.9824404050154067	1.004963734399153	0.9632959462046096	0.8580408522823233
ec1517	0.6446714548907033	1.2587786080342824	0.15205241920330537	1.1370868344427523	1.1788314746339397	0.5442018432641755	1.2571705615876465	0.11120204050813996	0.10046997254772404	0.12097057305389113	0.0949701067229114	0.13252505946446214	0.3604485958076925	0.1020963499798822	0.1462674322770958	0.10799762719118544	0.20933025837590052	0.4399379817623843	0.09583591134923264	0.4930465967223428	0.4832944282064264	0.47986916758829085	0.11281871971496167	0.06494706613044054	0.1963053225946676	0.40826316231228804	0.5643127105898268	0.5509868262332142	0.04715920464356022	0.11605528090758047	0.17618143972852493	0.1352929159872887	0.08980747337761362	0.1436322065583982	0.18341786657738934	0.07835091319338036	0.40569532006703535	0.5369539420598368	0.07683309109003819	0.12711493325421308	0.09554936007949746	0.08009428555281439	0.9959971815705192	0.0	0.07857006656733391	0.11842659241371592	0.09685827143456881	0.12233331082620506	0.5476242693019234	0.15913811744104212	0.10422826589665589	0.17381670752152087	0.10553333358381735	0.07795777544687287	0.118330123815781	1.22127671196359	0.489431481238472	0.38635640603299576	0.10609143668311194	0.1031612403870044	0.29230256857732195	0.1586081849029595	0.10059433272170025	0.724693142333281	0.20037446690465555	0.11781013358966591	0.22273596806676318	0.19302100063452288
ec1518	0.6178539825046643	1.2471231420778146	0.14182870786356502	1.1226938530067827	1.1640690625588337	0.5408842580403024	1.2454718887395106	0.11311157408072964	0.10773497766370704	0.12718032566246332	0.0840116912473247	0.11620958265895485	0.3461507738243663	0.08013269903928598	0.1422487339497983	0.14800904165327944	0.27456535527931836	0.4229026726516556	0.07386302825698404	0.480941348043112	0.5282920415297873	0.4629479703635254	0.11499225920112491	0.07565282552678963	0.1642651734885222	0.39562841334834753	0.5302384159293783	0.5236493071428805	0.08185478530054846	0.11952663352158722	0.15688767096417164	0.18395666835614166	0.06939909083287635	0.14859029144511307	0.17538154373130513	0.0860662855861227	0.389563080064845	0.4940392364277163	0.07317844706351473	0.1311036462485884	0.10207484270619221	0.10045906650814793	0.9776153358303276	0.07857006656733391	0.0	0.12175579807650742	0.11288604048577167	0.12447981289606368	0.5125148585314712	0.13689376178797105	0.1036211165429759	0.16642578785195453	0.11027351730811534	0.08150056766230718	0.12013651595087314	1.1966179060468887	0.4661473496777958	0.38045019491528537	0.11233570564995658	0.10565466681043834	0.27114322912694844	0.12336360873036446	0.09296369613476439	0.713378007952473	0.18242691752849322	0.12214168934413566	0.19764416715735522	0.17293415753532565
ec1521	0.6574087010440495	1.267427364060693	0.1747661997947557	1.144488951441206	1.1876420958122336	0.557292967188169	1.265776110722389	0.05587746787021322	0.032404587999139076	0.016550688996197674	0.054399990286074666	0.14495756814028155	0.38284027761333	0.09829067630994907	0.04993794071728531	0.13549649026169955	0.28603748334092793	0.46063048200335727	0.09379509136903602	0.5146660655530828	0.5256358938097871	0.49424792736413276	0.026925913204347365	0.07463525999561342	0.2120196501409029	0.43865600169171026	0.5844580887774926	0.5735894475744588	0.13542088538707286	0.024446481218868818	0.18356417530736097	0.20812308672970203	0.09599551573854441	0.04411498039302405	0.15486988797413145	0.08523787226704033	0.4259441419465848	0.5691241970869433	0.1120734552472973	0.038890877656578685	0.03448257456262539	0.05239416554907204	1.0082426931963184	0.11842659241371592	0.12175579807650742	0.0	0.04680944753971997	0.016577000942929635	0.566969653667305	0.09991275287722401	0.04149521426013505	0.19744118833294705	0.027395553590713165	0.05193448604035141	0.028768666203661662	1.2326860079578719	0.5123528779369735	0.40224746270809614	0.02545460880749999	0.03641673258162265	0.30938221439991515	0.17306053533886814	0.10086184026507153	0.7454193217409378	0.21461830241607288	0.027012390081386544	0.23786313144337973	0.18776334858787969
ec1524	0.6722542682017225	1.2770705197746999	0.1886933730380639	1.1554218858312577	1.199602577403102	0.5707899702696044	1.2757027774269711	0.07722515678421288	0.03218219181201222	0.04763596672651032	0.07880057755078887	0.16587881813546823	0.40213184638924404	0.11454756881835901	0.06813314057612851	0.16363942049310956	0.283297124906004	0.47252022628942075	0.11631777833151533	0.5245974060228263	0.5358007278648342	0.5002268628363089	0.03653735979449411	0.08493263301354292	0.23135126960428462	0.44616333352636617	0.5994177406511891	0.586725089678376	0.12095191396658103	0.04028673000490674	0.21087819791348902	0.2163606097032329	0.11542386623201756	0.06613613793555113	0.17244793023316243	0.05770509568672381	0.43852372220664354	0.5786960536526145	0.11978900592993089	0.06116963502584393	0.035248480148252256	0.02171061982953746	1.0141338169565814	0.09685827143456881	0.11288604048577167	0.04680944753971997	0.0	0.04447388063276919	0.5826674659117836	0.11305516507152569	0.05091469171235839	0.2137828621630895	0.03415517163778994	0.05102293958617665	0.05341918126710585	1.2459978311268454	0.5240634648760264	0.41653461668258973	0.05753468557219482	0.04014829306346405	0.328026142652999	0.19350887501057598	0.12534854410238938	0.7528517536020045	0.23445783590762798	0.040193136509644935	0.256208297122781	0.20401017673755653
ec1525	0.6650471317391169	1.2695427626421112	0.1806224191750906	1.1464684757287582	1.1920737179976966	0.5677328077280679	1.2681750202943824	0.06283266347483049	0.03281784920368236	0.01400849484305694	0.06052583962380686	0.1535204861256784	0.3912404100606604	0.09879047829961239	0.040213858219609606	0.14405487570487605	0.2884838045470297	0.4693579530400596	0.09764731212826425	0.5233976152028775	0.5315934704641666	0.4950513761565135	0.025121269992983822	0.07782441417109405	0.21678985430154996	0.44506580279609675	0.5889753054624759	0.5818292492728537	0.1392524094826788	0.022079008754087918	0.19339191092471217	0.21389639900521248	0.10320019365023046	0.040150589824127635	0.15879551884644838	0.08819422398752823	0.434572970582325	0.5743764582471313	0.11790644403663442	0.04334712685161456	0.03684076758504991	0.05522982757808673	1.0081422522023749	0.12233331082620506	0.12447981289606368	0.016577000942929635	0.04447388063276919	0.0	0.5713469180950459	0.09890692720345148	0.04740758908180612	0.20107068556509822	0.02836191858191235	0.05413618073494626	0.03609082165577438	1.2388256166738085	0.5185193507791566	0.41282822519503387	0.031054925594507343	0.03971335689175448	0.32060327925340115	0.17871776755777216	0.10921232482332532	0.745601167420459	0.2236223672620146	0.02425021360566183	0.24388626855541007	0.1878364896082616
ec1526	0.7894834444914341	1.0943032179898706	0.5016121542031786	0.9690138265853283	1.0143658417665251	0.7387471290296297	1.0926951715432351	0.5474218042579684	0.5675412256090967	0.574599865327711	0.5280785907048715	0.4918797125718909	0.5626053798561063	0.5373262374692053	0.5761754377206227	0.5596381979126426	0.5401191450297504	0.5986515596658046	0.4954248326343197	0.6670830749591437	0.7282941144119857	0.4872417887605676	0.5684263220117008	0.5384048436310278	0.4755543128082833	0.5760646277182102	0.4481621551094925	0.7053450248991847	0.5390590688411601	0.5666795460519128	0.47129518947214366	0.5391858219305762	0.5020945841132358	0.5795247741443535	0.4317081347343304	0.5632768738452577	0.5618583792289763	0.41827208099881297	0.5271057267578185	0.5636244233885589	0.5675335775040998	0.5759901653800238	0.8322446467792732	0.5476242693019234	0.5125148585314712	0.566969653667305	0.5826674659117836	0.5713469180950459	0.0	0.5452262313305832	0.551176287821906	0.4063605227796856	0.5596487094124347	0.5498870614260623	0.5499632072289772	1.055271322041685	0.650226694307954	0.5814649684295196	0.5640152656212896	0.5596873432285769	0.4624206173733292	0.4773837374153884	0.5190199255315067	0.5689736507446871	0.47244776774127006	0.5724337190416328	0.4506377411449369	0.5241360298575387
ec1529	0.6200425886863324	1.1969609837281134	0.20230682498827118	1.0718290093011626	1.1177079846719535	0.6022375461474629	1.1955932413803847	0.088187875902463	0.09199319574902554	0.10285731236404251	0.10749116275228236	0.17629972648218512	0.4325078940503534	0.10053639552665411	0.10172311158172576	0.1798786341703051	0.3255803611508978	0.5023685161090404	0.12487947194503296	0.5608592393081633	0.5704305640491623	0.41180323094618465	0.09352665890777045	0.12090260190556835	0.2273808334366568	0.48368418526347323	0.5019563236830233	0.6107536519014651	0.17630887131543257	0.09239265293418795	0.2300318537610347	0.25141140968627695	0.13662222497579044	0.10464276167151279	0.137619204934464	0.1246245109485598	0.46554657179549697	0.5371903473805002	0.15601500978143762	0.08772577035639945	0.09988122531874934	0.10738462510375463	0.9333981255513383	0.15913811744104212	0.13689376178797105	0.09991275287722401	0.11305516507152569	0.09890692720345148	0.5452262313305832	0.0	0.08690671179377303	0.18231895066935747	0.08838323946075442	0.09482232566423203	0.08444915265523828	1.1785829730745854	0.5545788007038707	0.4449973381135199	0.09827567311187163	0.08849750622113807	0.34090657262526086	0.18149884719457057	0.1337319116337159	0.6686754777600005	0.2436205760572771	0.09617774576874476	0.2666046503698963	0.09726857703642804
ec1533	0.651087442057177	1.2693051440257799	0.1502756009144227	1.1445240080900325	1.18019674246375	0.5460248304860243	1.2676538906874761	0.042735818799858466	0.030684014829387648	0.04762509819490776	0.05236393028787466	0.12931350733440786	0.3760692974365473	0.0835772210546277	0.06311017532506341	0.1361047346172439	0.27799879746210077	0.44655004271182114	0.077288035274589	0.5079713049712344	0.5278112841331991	0.4821784104092363	0.03375161779125121	0.06739472193506366	0.1947827834655956	0.428997937100818	0.5692830071245967	0.558818743170166	0.11374609297683955	0.03515442897171691	0.17405857824247886	0.19000704426584153	0.08203453606979404	0.05876649651274994	0.14710064446565138	0.0635397382395048	0.41476828046961334	0.5552345694993076	0.09275509654406777	0.04097509832833385	0.034384501800910586	0.0413483102647091	1.001263713456441	0.10422826589665589	0.1036211165429759	0.04149521426013505	0.05091469171235839	0.04740758908180612	0.551176287821906	0.08690671179377303	0.0	0.18583909721027064	0.0246096075656667	0.0400678462774854	0.028410726736970197	1.2250083074036922	0.5021056850648118	0.38723867491578157	0.03953048498940333	0.025178566532474023	0.2911553316699287	0.15901373855074064	0.08634741981565526	0.7383907276287676	0.19743138569874802	0.03437430251234236	0.2188017673876436	0.17737681522268012
ec1534	0.6615001317261845	1.2223215859216459	0.20797775058422083	1.09700350944937	1.143520379917977	0.6125934182920338	1.2206703325833423	0.17504037250632154	0.19466086071604852	0.20257006944433065	0.1693511132494304	0.18204822385888816	0.4259290081303329	0.1643108217117812	0.2081452076722013	0.19589628995647831	0.34779483401450584	0.504458395694205	0.16005339019465858	0.5632620721467122	0.591736204423543	0.4396517656678822	0.19555311256500743	0.16251762591689534	0.23672941860781918	0.4747111324144261	0.5098365431360505	0.61491253459036	0.16968120606816864	0.19008775009615192	0.23141034941551852	0.2548433964538403	0.1550676982702313	0.21210851971260286	0.06567896806000145	0.19092395464506448	0.4677214188435905	0.418668706838194	0.15841369122622945	0.1949832494514222	0.18857783113576468	0.20456138455947404	0.9606398905633996	0.17381670752152087	0.16642578785195453	0.19744118833294705	0.2137828621630895	0.20107068556509822	0.4063605227796856	0.18231895066935747	0.18583909721027064	0.0	0.1852794695946837	0.17318480494781227	0.18474763113603015	1.1874474116492582	0.555019338960007	0.45132895076724966	0.18726397681390455	0.18744104952981366	0.3464585797791744	0.19941518053137922	0.16653427512629582	0.6903437434367351	0.250923913916999	0.19992150075382625	0.269313189563138	0.15979898405369627
eti145	0.6650097051167226	1.2710662181931016	0.16335787111245667	1.1457481417808255	1.193254984965094	0.5629385816562663	1.2694581717464661	0.04899710660678715	0.015292923889882086	0.029857958105577034	0.05479146737929068	0.13934459876531033	0.38560303648084426	0.08774399450720335	0.04603508956670806	0.13631049121680366	0.2787728716786543	0.45843590591573985	0.08522009005362013	0.5158555723164673	0.529796426283236	0.4851964242315734	0.017128127314376147	0.06531154853584002	0.20474445291013235	0.43525694901531087	0.5775868723978471	0.5772160749183793	0.12238646800785703	0.017271130369021278	0.18391747073210604	0.20074984702956747	0.08854665174690289	0.04235875665158241	0.1447402632060058	0.07385014536416125	0.4228578781122916	0.569173430661831	0.10478096765832996	0.030833215753938818	0.022291611494512285	0.03886669975928904	1.0070585309562572	0.10553333358381735	0.11027351730811534	0.027395553590713165	0.03415517163778994	0.02836191858191235	0.5596487094124347	0.08838323946075442	0.0246096075656667	0.1852794695946837	0.0	0.0371083804232838	0.02107224658697663	1.2386526751271114	0.5147442824511066	0.40339750842002814	0.0362846798025705	0.01741224670996602	0.30477476027893236	0.16695001316260888	0.09491251867406698	0.7377008329087924	0.20779384484754576	0.018855962406753	0.23129570354998796	0.17766147468541132
eti146	0.656209940994603	1.2674901818877449	0.15312632793026415	1.1437402245653452	1.1899204957441034	0.5537336341808932	1.266122439540016	0.05048260436053028	0.04189597346494583	0.05659152668722219	0.03839346757237766	0.13172106990012547	0.3606232664051833	0.07734853422041219	0.08136752787115445	0.1416187082015791	0.2703638764223998	0.4430180309245477	0.07711622501509924	0.498380856926872	0.5261894126691289	0.48462427902876437	0.04530693027299842	0.04157598711944058	0.19681643135594482	0.41042100896358413	0.5673847100078412	0.5599426936421065	0.08945283250167799	0.0497480260987696	0.1703373989819738	0.18938601350631698	0.07337702701044731	0.07800563155843292	0.15094467862702446	0.05166758703431471	0.4089567642293611	0.5514128578072252	0.07754108366874041	0.060251560603546	0.031103861714201545	0.04224545329543271	1.0034052926871229	0.07795777544687287	0.08150056766230718	0.05193448604035141	0.05102293958617665	0.05413618073494626	0.5498870614260623	0.09482232566423203	0.0400678462774854	0.17318480494781227	0.0371083804232838	0.0	0.04966133701925259	1.2338107508721385	0.4968014881205252	0.3952499381014843	0.04124396169351692	0.03826991039852075	0.2948647899090705	0.15925048723173724	0.09352134751575672	0.7377582818856264	0.19929986841824598	0.048234465068260415	0.22210209789457613	0.18217046360116407
eti147	0.6636779990328577	1.2733237788011031	0.15063110429040336	1.148005702328827	1.1933864025777574	0.5590603253454139	1.2717157323544677	0.035399607651768084	0.0330961257494146	0.0367588693959017	0.05478659313307516	0.1204882114777755	0.38659581875810495	0.08096601200076223	0.042157574946632914	0.13300201328760483	0.2909188413213682	0.45079594484284163	0.07228885596214714	0.5108128676607556	0.5320539868912374	0.4904295909880665	0.03147059334747442	0.07616769267848933	0.1904949798457083	0.4353482893998545	0.564320544032064	0.571227827930675	0.13508026654425193	0.02776995734009622	0.17472345907246342	0.20545776460397008	0.08412655030245011	0.0367014640534482	0.14668126560455735	0.0854520050719407	0.4134651702108286	0.5680264206522678	0.11286205185712976	0.01661167427915639	0.035027938175573994	0.05319061534042728	1.0115352668058688	0.118330123815781	0.12013651595087314	0.028768666203661662	0.05341918126710585	0.03609082165577438	0.5499632072289772	0.08444915265523828	0.028410726736970197	0.18474763113603015	0.02107224658697663	0.04966133701925259	0.0	1.2362776243855593	0.5124436504745707	0.3984464763151838	0.03964214683092139	0.026767828432238974	0.2880398101475099	0.14913838231683338	0.07641782102822234	0.7451515400668806	0.19105889365612339	0.03324278220465603	0.22338806745695788	0.16925941236930886
eti149	1.150841829979918	0.5088609844984144	1.1927150841359258	0.4374933432962966	0.39977258737596333	1.1470536828700992	0.5072529380517791	1.2234550264105268	1.238308064923889	1.2394602349224582	1.2309726992914094	1.229860628181279	1.1829706405557059	1.2039854791732525	1.2530386833564946	1.231981716547256	1.1984070399599747	1.1513427375510625	1.2183465634831208	1.1486455160957307	1.1486467736890251	0.8555469915059908	1.2357119417738291	1.2245345560004395	1.1917754342512954	1.1309735187269765	0.8643083222366572	1.1606653327256873	1.2078444688115388	1.2383332246193	1.188259913090352	1.1931186971054248	1.2202495772768613	1.2567742325555917	1.197635894847259	1.2102504794265725	1.1664652880452056	1.0654483557547534	1.1936735159256857	1.2381737487279822	1.2398224452465378	1.237443879336898	0.43769771477470143	1.22127671196359	1.1966179060468887	1.2326860079578719	1.2459978311268454	1.2388256166738085	1.055271322041685	1.1785829730745854	1.2250083074036922	1.1874474116492582	1.2386526751271114	1.2338107508721385	1.2362776243855593	0.0	1.126128863980858	1.17038822819612	1.230268068713884	1.2328758346589996	1.163707454528408	1.2033428707507956	1.2170599774458322	0.6577719641132487	1.1994151149286447	1.2356653606117416	1.1811605875158415	1.111992729343122
eti151	0.5532954681333986	1.1916565780253305	0.43032225184006023	1.1097304854348793	1.0912488353177456	0.4413424478718144	1.1900485315786948	0.5007068654159309	0.5195214990845225	0.5233193407574708	0.47801073068755684	0.42041084093882725	0.43817551296351004	0.5041476398553062	0.5363602166439145	0.5162036770569145	0.48749868515895	0.10878035270449946	0.45460096615142703	0.13141664999379987	0.4563388880750983	0.7557261459574507	0.5169043074655317	0.48358088031809815	0.4186661436277061	0.18829993387572685	0.6334410887209992	0.2791229994131159	0.4685733851932527	0.5193583788772774	0.3645821063221756	0.4443659524534897	0.44821348846063636	0.5404560236609204	0.5828019413683371	0.48792951496171305	0.1500404799527931	0.30004077788793837	0.4587211865948369	0.5260376971108016	0.5139351195736428	0.5166514515280686	1.0272203584079749	0.489431481238472	0.4661473496777958	0.5123528779369735	0.5240634648760264	0.5185193507791566	0.650226694307954	0.5545788007038707	0.5021056850648118	0.555019338960007	0.5147442824511066	0.4968014881205252	0.5124436504745707	1.126128863980858	0.0	0.4397731852238731	0.5065835124672997	0.514311156370374	0.2973733732860863	0.43408815129300515	0.4742146997244706	0.8727216749289385	0.3537482954816917	0.5194751804483944	0.35006270776261195	0.5857254464159891
eti152	0.5160182730536479	1.2478262233801913	0.3213573352245894	1.1233133464612293	1.1387726436732943	0.3751881389908534	1.2461749700418876	0.38006309225758156	0.41010806523265436	0.4136906629254568	0.38600384683471634	0.37596527925406975	0.26652724431763913	0.40379254048063784	0.43116733152888315	0.4033514619815354	0.37314580501764794	0.3935160876627523	0.3707829488355922	0.474780790639286	0.5077112466592647	0.6361099534859067	0.40174440183661947	0.38666546660350176	0.33477936207108594	0.3854751579149335	0.5518212807019865	0.440188624666649	0.36642128785232353	0.40925662838505966	0.330023613947505	0.3164135042417149	0.3693995038325191	0.42748104747121535	0.47021307194451684	0.3813229178910761	0.3740753625570007	0.5079016427748106	0.34977993699744014	0.4035161544808253	0.40597091348351283	0.4080580198035461	0.9796633312753669	0.38635640603299576	0.38045019491528537	0.40224746270809614	0.41653461668258973	0.41282822519503387	0.5814649684295196	0.4449973381135199	0.38723867491578157	0.45132895076724966	0.40339750842002814	0.3952499381014843	0.3984464763151838	1.17038822819612	0.4397731852238731	0.0	0.3972375577024873	0.3968229003899363	0.3068638147984338	0.361146340524399	0.3565300377777223	0.7629734954271641	0.3401712767013814	0.4070509457325357	0.32689276111684673	0.47080101508395783
eti153	0.6562736980082194	1.2668379068310882	0.1670411216564205	1.1446140427628035	1.187157887692936	0.5530075719541074	1.2654701644833595	0.05081573524983663	0.04301816464216215	0.0287510293208763	0.04816356147694424	0.1413244501514069	0.37633321093036043	0.08405551308986411	0.06461252122963318	0.13639535763952282	0.2802313702988912	0.45733709510474957	0.08953915456307891	0.5113406651148553	0.5238624762361361	0.49237362045790056	0.03983638022673639	0.06029740683697514	0.2086666586750331	0.4310068275930057	0.581575386102949	0.5698824307741803	0.11845899336467428	0.03566656041085308	0.17927815402260103	0.19867235840286518	0.08827882766585508	0.06225047818912527	0.15375339520084674	0.07579083601689059	0.42337771702497273	0.5612219537823491	0.10094250103467432	0.05027716056393471	0.035359863169715275	0.045625193265731265	1.0071701144164051	0.10609143668311194	0.11233570564995658	0.02545460880749999	0.05753468557219482	0.031054925594507343	0.5640152656212896	0.09827567311187163	0.03953048498940333	0.18726397681390455	0.0362846798025705	0.04124396169351692	0.03964214683092139	1.230268068713884	0.5065835124672997	0.3972375577024873	0.0	0.040143564875253425	0.3057034486829166	0.16877989883950553	0.09717620310761133	0.7358615995696088	0.2104572606650245	0.04186683106324757	0.2344403536581737	0.18320828365925892
eti154	0.6561410897012941	1.2724023074916497	0.16189780267467485	1.1474657146801637	1.1924568839447236	0.5538660963080979	1.270794261045014	0.04706491562505483	0.01910224061425729	0.03997418410786003	0.056443712797923075	0.13951784799401093	0.382859455803495	0.0887047873262304	0.053889176808427516	0.13867607250668507	0.2756528761914761	0.4586468004589454	0.08642135178776586	0.5146413045193994	0.5311325155817841	0.48502538573924264	0.027553741404182805	0.06680670688001211	0.20406848362955882	0.43758430108828433	0.5779801114663349	0.5694174078823904	0.11875079408154035	0.026721992185572124	0.1826498586681	0.1943519268486765	0.09043779942258003	0.05195118375169653	0.14610301602759157	0.0693140593776903	0.4231068200920886	0.5694338227889272	0.10018658574343982	0.033976820637815354	0.022326922727420137	0.038171838486562776	1.0068018759085524	0.1031612403870044	0.10565466681043834	0.03641673258162265	0.04014829306346405	0.03971335689175448	0.5596873432285769	0.08849750622113807	0.025178566532474023	0.18744104952981366	0.01741224670996602	0.03826991039852075	0.026767828432238974	1.2328758346589996	0.514311156370374	0.3968229003899363	0.040143564875253425	0.0	0.301083815574017	0.16673014030220057	0.09513509409361942	0.7382150442505313	0.20682937240592356	0.030095829024637505	0.23035162731751083	0.17603771861417053
eti156	0.5864719029594044	1.2384523664759814	0.19649618162011295	1.1131773477677098	1.1354870227728475	0.47178032765690364	1.2368443200293457	0.2688055401000604	0.310316391758807	0.318059038181046	0.2730801581424907	0.1899447953859974	0.29144735123709226	0.28747044660201343	0.3113108722866966	0.3041038034152258	0.2904004205493063	0.238516532649238	0.23588220832918494	0.33162231785573587	0.4961946655890289	0.552923178140716	0.31060474164576485	0.2818659731040252	0.1918118534443273	0.2469075125534468	0.4611151764794533	0.3176522932031023	0.2708176840412351	0.308569703310557	0.1396754998063955	0.25886883369081226	0.23680482099515066	0.30892927735606457	0.37000450672701807	0.292879802158798	0.21823063047602348	0.37350864362054353	0.25797109961297277	0.2868132217788957	0.31259746268217636	0.31919293524275716	0.9746593689345757	0.29230256857732195	0.27114322912694844	0.30938221439991515	0.328026142652999	0.32060327925340115	0.4624206173733292	0.34090657262526086	0.2911553316699287	0.3464585797791744	0.30477476027893236	0.2948647899090705	0.2880398101475099	1.163707454528408	0.2973733732860863	0.3068638147984338	0.3057034486829166	0.301083815574017	0.0	0.1934922093268938	0.23024402129961868	0.7094580152331187	0.11297823540929014	0.3113858335254358	0.12596358493434695	0.3683731427642873
eti160	0.6265817163020195	1.2422977570976743	0.0674470587750582	1.1169940953650996	1.1606228969879329	0.526056451365281	1.2406897106510386	0.13450447615300254	0.17276576249941356	0.17865560151492108	0.13459494693647484	0.07151367856712086	0.34468479379036954	0.12835199897489905	0.15990305239484426	0.1679137826444345	0.28455733296244856	0.3523449699473224	0.09339315683144497	0.44549920972050266	0.5214628940634031	0.4599097828562117	0.17569636767253727	0.14394044370148865	0.07307422813102106	0.36583033690847594	0.45311644679774665	0.4778169397319583	0.14915680875335088	0.17102618601635913	0.09663678922665835	0.18849594167991	0.1044453135627313	0.16232118507466478	0.22412885484647704	0.1748797641508585	0.3102154262760782	0.47643667627718056	0.13519005748705673	0.14655016637595342	0.17510488604631527	0.18499293191374835	0.9825129064443288	0.1586081849029595	0.12336360873036446	0.17306053533886814	0.19350887501057598	0.17871776755777216	0.4773837374153884	0.18149884719457057	0.15901373855074064	0.19941518053137922	0.16695001316260888	0.15925048723173724	0.14913838231683338	1.2033428707507956	0.43408815129300515	0.361146340524399	0.16877989883950553	0.16673014030220057	0.1934922093268938	0.0	0.08077320829597398	0.7142413778433039	0.11717554130949714	0.17894522696286286	0.10944131632772189	0.20269809619325788
eti161	0.6392479922222191	1.2615220024345082	0.08875859791633793	1.1362039259622325	1.1777218335110353	0.5217968313934204	1.2599139559878725	0.062300138313932184	0.10433930037161968	0.1090636171942807	0.07848284886047108	0.0776879718275764	0.3519617176325326	0.08501452214015155	0.10552268365379239	0.1222173804161384	0.28014238506251005	0.3869776520157556	0.0517103949283234	0.4774709276940203	0.5202021311267856	0.47715203806336315	0.10389192067535083	0.08556260250624405	0.12543477330710287	0.4029558134339071	0.5037294031916235	0.5216456035274745	0.11007583044037339	0.09938663167171019	0.12639629719729834	0.18234511803873632	0.05409503914974479	0.10079617893416612	0.16375116837569562	0.10681004043930156	0.35298466712999177	0.5318053813745727	0.08744491223205306	0.07641655037853559	0.10546906692233575	0.11712164242974099	0.9985039417008582	0.10059433272170025	0.09296369613476439	0.10086184026507153	0.12534854410238938	0.10921232482332532	0.5190199255315067	0.1337319116337159	0.08634741981565526	0.16653427512629582	0.09491251867406698	0.09352134751575672	0.07641782102822234	1.2170599774458322	0.4742146997244706	0.3565300377777223	0.09717620310761133	0.09513509409361942	0.23024402129961868	0.08077320829597398	0.0	0.7327297526387695	0.14776519462238114	0.1042271332775608	0.15619948987105262	0.15765789112606476
eti162	0.9224270974408849	0.5530635398490398	0.7211618154235949	0.4273437981248604	0.4732282681308462	0.9142225055374408	0.5503397554161078	0.7404966689416816	0.7367629229899646	0.7449849700034157	0.7359480503657295	0.7445043936929046	0.7544291769436996	0.7168651442272787	0.7608283503613082	0.7373549673326424	0.6999861480257139	0.8277544819764313	0.7291645992845588	0.8856969676206777	0.8793957222319344	0.2709293056360315	0.7376023454101498	0.7239349009985395	0.7183824744457303	0.7975765743414787	0.31484926807976704	0.9285663342880737	0.7235223933878686	0.7396515354261133	0.7135877302775882	0.7192633488724997	0.7311247770898032	0.7657301437006956	0.7001030189176047	0.7440774991306466	0.7927544101478254	0.7268849530503906	0.7196887643752125	0.75188727544284	0.7441674884206962	0.7403847149013842	0.2884608408432129	0.724693142333281	0.713378007952473	0.7454193217409378	0.7528517536020045	0.745601167420459	0.5689736507446871	0.6686754777600005	0.7383907276287676	0.6903437434367351	0.7377008329087924	0.7377582818856264	0.7451515400668806	0.6577719641132487	0.8727216749289385	0.7629734954271641	0.7358615995696088	0.7382150442505313	0.7094580152331187	0.7142413778433039	0.7327297526387695	0.0	0.7167897510847059	0.745052180772276	0.7004826714300628	0.59030613307289
eti164	0.6224507057782217	1.2449164351633066	0.13152491065454108	1.1195983588510308	1.159975649192464	0.5032055700711361	1.243265181825003	0.18180616139769853	0.2154617888935947	0.22242705484315567	0.17532614950570796	0.10310991977762045	0.32561945725739033	0.19318450537517645	0.2182284891335733	0.20996216984807226	0.26566908542823336	0.28558250605568714	0.14220022817038866	0.3540704921214985	0.5039331951875385	0.46234322273882417	0.21565360900348943	0.18668067196557658	0.11669975928908027	0.28150686119151236	0.48184620015478963	0.40579841014600987	0.18596365593595385	0.21428831523812567	0.06660624807677808	0.1915434097655558	0.1443977673644939	0.2142339037592254	0.2757214854040168	0.21432626287628564	0.25675957374461894	0.4110693362635075	0.1727476624775111	0.19508563686008798	0.2160732024878188	0.2269243573415429	0.9824404050154067	0.20037446690465555	0.18242691752849322	0.21461830241607288	0.23445783590762798	0.2236223672620146	0.47244776774127006	0.2436205760572771	0.19743138569874802	0.250923913916999	0.20779384484754576	0.19929986841824598	0.19105889365612339	1.1994151149286447	0.3537482954816917	0.3401712767013814	0.2104572606650245	0.20682937240592356	0.11297823540929014	0.11717554130949714	0.14776519462238114	0.7167897510847059	0.0	0.21789339124856733	0.09302995518171694	0.2717747119745716
eti165	0.6631911048108597	1.2711414199928828	0.17298502460227258	1.1471180616615981	1.1895926894809452	0.5636897837439777	1.2697736776451538	0.057674752370494936	0.022782701453858394	0.022777824570475558	0.060328593417782905	0.14877567479904474	0.3889888743219675	0.09998625023800344	0.0443867222991673	0.13986362332066476	0.28260181815207064	0.4662561572114817	0.09655610533586233	0.5248004451580174	0.5298024466200527	0.48933384314273953	0.016978954885543986	0.07531419890652422	0.2159791709597791	0.4457351011886239	0.5898883770894446	0.5794761348362502	0.13140250454861377	0.01749814301474524	0.1877130728865649	0.2063190167867014	0.10094259884752264	0.04238348037069396	0.1469156624311333	0.08207837638065867	0.43371087651608753	0.5730878816251296	0.11008284632995832	0.03946922780746214	0.033152603058198005	0.05030177680571984	1.004963734399153	0.11781013358966591	0.12214168934413566	0.027012390081386544	0.040193136509644935	0.02425021360566183	0.5724337190416328	0.09617774576874476	0.03437430251234236	0.19992150075382625	0.018855962406753	0.048234465068260415	0.03324278220465603	1.2356653606117416	0.5194751804483944	0.4070509457325357	0.04186683106324757	0.030095829024637505	0.3113858335254358	0.17894522696286286	0.1042271332775608	0.745052180772276	0.21789339124856733	0.0	0.24047030072967737	0.18811121524495578
eti166	0.6034097980124973	1.2270482015393074	0.11992548467124405	1.1017445397667327	1.1395407733294984	0.49186282966653677	1.225440155092672	0.2051631936243495	0.23845047116957702	0.2461454889501105	0.19965281375263058	0.13039074234546244	0.30643834205847953	0.22142997267373746	0.2498652280911154	0.23346152766840914	0.25535716846112183	0.2688935051307985	0.16481656111270193	0.36761845959958744	0.4928699303938344	0.47345531761163867	0.2378672081205202	0.21019819349313346	0.09749620860936434	0.2833706976080472	0.4215908643041911	0.39380030915936354	0.20975079605001742	0.23637523097458193	0.08034620289025099	0.20806857878440052	0.16499348624864815	0.2505038604231581	0.2989829961939972	0.23458357380562053	0.22127395192667484	0.40476480827481137	0.19535652193548367	0.22839757261014507	0.23917012219231612	0.24907989474290937	0.9632959462046096	0.22273596806676318	0.19764416715735522	0.23786313144337973	0.256208297122781	0.24388626855541007	0.4506377411449369	0.2666046503698963	0.2188017673876436	0.269313189563138	0.23129570354998796	0.22210209789457613	0.22338806745695788	1.1811605875158415	0.35006270776261195	0.32689276111684673	0.2344403536581737	0.23035162731751083	0.12596358493434695	0.10944131632772189	0.15619948987105262	0.7004826714300628	0.09302995518171694	0.24047030072967737	0.0	0.29294017628906166
eti167	0.6438958052805541	1.1209636898861155	0.23070895426177962	0.9956456134338394	1.0417106908099563	0.6309625063898898	1.1195959475183868	0.15886172225365008	0.1847854044467119	0.1916091530921791	0.17603771940292612	0.20093877469268454	0.4641419926070195	0.14725334564548084	0.18414488272800286	0.21387185723955793	0.36462650300939164	0.5300428506868352	0.15591105694002735	0.5910765824276143	0.6071726763891144	0.3348645575099148	0.18477947756506294	0.17445455245866257	0.25292388217309897	0.5146856104748796	0.4159233439056511	0.6386652044543984	0.21133350116527932	0.17998081400390065	0.2583046913854456	0.2841851475254292	0.16173964446474234	0.18827044341473562	0.14162850800623708	0.1929450015874907	0.4932017803026284	0.515986912549382	0.1917385133143854	0.16772259517479218	0.18826988596713343	0.19817157216864928	0.8580408522823233	0.19302100063452288	0.17293415753532565	0.18776334858787969	0.20401017673755653	0.1878364896082616	0.5241360298575387	0.09726857703642804	0.17737681522268012	0.15979898405369627	0.17766147468541132	0.18217046360116407	0.16925941236930886	1.111992729343122	0.5857254464159891	0.47080101508395783	0.18320828365925892	0.17603771861417053	0.3683731427642873	0.20269809619325788	0.15765789112606476	0.59030613307289	0.2717747119745716	0.18811121524495578	0.29294017628906166	0.0
